user_id,timestamp,amount,platform
2,2025-02-22 23:17:12.248340,3196,Swiggy
2,2025-05-04 19:01:59.708070,3106,Swiggy
3,2025-03-17 01:01:58.995157,2364,Fiverr
3,2025-03-13 23:34:15.699347,575,Fiverr
3,2025-01-18 07:23:59.068370,4681,Upwork
5,2024-12-19 15:57:10.411229,1864,Upwork
6,2024-12-22 21:02:14.978020,2940,Swiggy
6,2025-05-22 06:56:01.755444,4086,Swiggy
6,2024-12-12 19:49:37.406555,1994,Uber
7,2025-01-08 09:48:02.895667,1735,Fiverr
7,2024-12-07 23:55:47.954002,2621,Swiggy
7,2024-12-15 20:41:16.541303,4832,Swiggy
8,2025-02-24 06:28:01.057854,773,Fiverr
9,2024-12-31 07:56:40.210275,3960,Fiverr
10,2025-03-20 00:42:25.944674,996,Fiverr
10,2025-05-16 04:58:54.662214,3164,Upwork
10,2025-01-10 08:58:04.143887,2320,Uber
10,2025-03-04 04:42:46.587627,956,Swiggy
11,2025-02-28 08:58:05.468919,4752,Uber
11,2025-05-17 09:19:19.829446,3338,Uber
13,2025-04-18 22:57:06.688420,3048,Fiverr
14,2025-02-10 06:47:04.772125,3495,Upwork
14,2024-12-13 01:26:34.666910,3190,Fiverr
14,2025-04-04 14:48:30.084849,4834,Upwork
15,2025-05-25 04:16:31.199566,2825,Uber
15,2025-05-25 10:53:13.464520,3084,Upwork
16,2025-03-30 02:41:01.552543,1374,Upwork
16,2025-03-12 17:23:35.077897,634,Upwork
17,2025-05-07 10:58:58.931306,1303,Uber
17,2025-05-15 11:37:24.624514,2639,Swiggy
17,2025-01-09 21:07:58.370937,3709,Uber
17,2025-03-06 19:10:00.200677,2398,Swiggy
18,2025-03-02 05:49:14.551743,4018,Uber
19,2025-03-23 21:03:03.418732,3202,Swiggy
20,2025-04-10 17:24:52.922271,1219,Upwork
20,2025-04-03 07:29:37.394879,1052,Fiverr
20,2025-04-15 05:09:59.221808,4826,Fiverr
20,2025-01-21 05:53:54.508478,872,Uber
21,2025-02-21 05:33:33.912626,3546,Swiggy
21,2025-01-28 20:20:59.821272,4660,Uber
21,2025-01-31 01:37:23.148471,2893,Fiverr
22,2025-05-09 21:01:37.577751,1292,Swiggy
22,2025-02-08 12:23:24.720833,1562,Swiggy
22,2024-12-09 00:38:46.306678,4150,Upwork
25,2025-04-18 22:27:49.659414,4913,Swiggy
25,2025-05-14 16:05:24.844739,1171,Uber
25,2025-04-05 17:05:44.090675,1728,Upwork
26,2025-05-06 00:36:40.117815,4425,Uber
26,2024-12-03 06:25:32.394860,2131,Swiggy
26,2025-05-16 22:24:48.810149,877,Swiggy
26,2025-01-21 22:10:01.956892,3025,Swiggy
27,2025-05-27 13:59:40.942748,787,Upwork
27,2024-12-15 16:24:35.320124,1069,Fiverr
27,2025-04-05 07:05:51.990773,1047,Fiverr
27,2025-02-20 20:41:25.040092,3430,Swiggy
28,2025-05-28 21:57:05.719495,4059,Uber
30,2025-04-28 21:24:32.263402,2416,Swiggy
31,2025-01-22 18:32:25.992777,1319,Swiggy
31,2025-01-29 15:45:47.276649,2545,Uber
31,2025-04-10 09:44:08.609501,2810,Upwork
32,2025-05-01 21:15:40.601811,4412,Fiverr
32,2025-01-08 04:40:44.595819,4375,Uber
32,2025-05-14 00:09:22.164876,2097,Upwork
33,2025-02-09 01:10:42.888210,3851,Swiggy
33,2024-12-30 04:14:59.086670,1873,Fiverr
33,2025-05-18 05:07:17.323898,3065,Swiggy
33,2025-04-20 21:29:12.273300,4572,Uber
34,2024-12-19 10:18:06.502102,2902,Upwork
34,2025-02-22 14:42:44.736303,3366,Fiverr
34,2025-05-15 00:37:44.653493,4758,Fiverr
34,2025-04-12 19:38:18.732461,866,Uber
35,2025-03-16 22:00:28.788704,3310,Upwork
35,2025-03-21 04:48:15.045924,2973,Swiggy
37,2025-05-28 10:37:57.134166,3358,Uber
37,2025-05-06 03:25:42.536103,3781,Uber
37,2025-05-20 09:36:05.669808,3688,Uber
38,2025-05-05 01:56:59.863300,2730,Uber
39,2025-04-30 14:49:37.430943,1573,Swiggy
39,2025-05-20 20:33:11.352845,2868,Fiverr
39,2025-01-30 19:36:11.836823,1176,Upwork
39,2025-03-17 14:21:43.331594,4094,Upwork
40,2025-03-17 17:49:00.550756,1875,Uber
40,2025-06-01 10:48:21.331267,4073,Uber
40,2025-02-15 20:46:47.095604,3359,Swiggy
40,2025-02-20 15:46:21.070330,3389,Uber
42,2025-02-16 15:53:09.124830,3166,Uber
43,2024-12-06 20:40:16.480432,2237,Uber
44,2025-01-01 20:57:51.848145,3405,Fiverr
44,2025-03-11 04:25:40.755419,2099,Swiggy
44,2025-06-01 02:20:19.596560,2100,Fiverr
44,2025-03-06 08:12:40.938573,836,Uber
45,2025-05-06 05:45:04.160697,3123,Swiggy
45,2025-04-27 20:31:44.479690,1124,Uber
47,2024-12-14 09:07:36.286230,2227,Fiverr
48,2025-01-15 10:57:55.107628,2560,Upwork
48,2025-05-11 19:15:06.667408,2744,Uber
48,2025-03-19 07:44:07.323258,668,Uber
48,2025-06-02 02:15:55.103815,2279,Upwork
49,2024-12-25 07:17:47.592695,4410,Upwork
49,2025-01-09 09:52:29.219011,4579,Upwork
49,2025-04-03 16:09:29.666808,3395,Fiverr
49,2025-02-03 20:12:09.187038,2064,Fiverr
50,2025-04-10 05:41:23.927356,2721,Uber
50,2025-03-04 21:46:11.442369,2359,Swiggy
50,2025-03-23 03:32:18.909241,3406,Upwork
50,2025-02-18 20:52:24.448070,4665,Swiggy
51,2024-12-10 03:41:05.598193,4183,Fiverr
51,2024-12-29 11:49:14.631470,4721,Uber
52,2025-01-05 04:48:23.322517,694,Upwork
53,2025-05-19 13:56:44.668187,546,Upwork
54,2024-12-07 19:28:11.653213,3294,Swiggy
54,2025-02-03 22:26:27.850635,4306,Uber
55,2025-01-04 21:04:04.001403,844,Upwork
55,2024-12-21 00:01:51.825474,2606,Upwork
55,2025-04-13 03:41:12.376799,4633,Fiverr
58,2024-12-29 15:34:06.929543,2845,Uber
58,2025-03-11 23:44:26.316705,3059,Uber
58,2025-06-02 15:14:13.995771,2431,Fiverr
58,2025-03-18 13:38:47.058972,2041,Fiverr
59,2025-05-19 03:23:57.384032,3451,Fiverr
59,2025-01-19 01:15:52.319784,3933,Uber
59,2025-05-28 18:27:53.321878,4639,Swiggy
61,2024-12-04 17:15:18.121175,2943,Fiverr
61,2025-04-28 06:07:04.321036,3860,Uber
61,2025-02-19 08:38:27.777062,4296,Swiggy
63,2025-05-04 03:26:34.601649,3722,Swiggy
63,2024-12-09 16:27:06.672195,3316,Upwork
63,2024-12-03 03:54:36.382597,2856,Uber
64,2025-03-13 11:30:34.230524,4302,Uber
64,2025-05-01 00:21:43.197785,1773,Fiverr
64,2025-05-15 08:04:49.382433,2858,Uber
64,2025-01-26 02:40:33.572275,4616,Upwork
65,2025-01-29 19:32:47.332753,4896,Upwork
65,2025-03-12 16:16:15.223448,2898,Uber
65,2024-12-14 17:54:27.470142,3919,Upwork
65,2024-12-29 17:02:16.422055,1600,Fiverr
66,2025-04-25 19:41:07.461706,3250,Swiggy
66,2024-12-18 23:35:39.278803,1597,Fiverr
67,2025-05-03 02:28:06.806431,720,Fiverr
68,2025-01-19 05:43:16.680356,3243,Swiggy
70,2025-02-13 10:27:55.102510,3841,Fiverr
70,2025-01-10 06:02:29.255705,741,Fiverr
70,2025-01-05 08:57:43.693460,3468,Upwork
70,2025-05-17 05:16:39.836048,1662,Swiggy
71,2024-12-27 03:35:07.446622,1037,Upwork
71,2025-01-16 15:28:13.974048,3995,Uber
71,2025-05-06 11:15:49.809360,4272,Swiggy
72,2025-04-11 12:24:17.972639,3636,Swiggy
72,2025-03-06 22:05:22.992480,2126,Uber
72,2025-05-10 19:34:09.529900,3576,Fiverr
73,2025-01-30 06:11:02.662684,4281,Fiverr
73,2025-04-13 08:44:31.488314,784,Upwork
73,2025-04-08 21:41:37.529975,1613,Swiggy
73,2025-05-11 22:46:14.300579,4200,Swiggy
74,2025-02-14 07:53:56.902434,2450,Swiggy
74,2024-12-14 11:43:29.519294,2078,Upwork
74,2025-02-19 07:25:16.021373,3824,Upwork
74,2024-12-14 22:08:48.020536,3215,Swiggy
75,2025-03-15 21:14:15.754709,3415,Swiggy
76,2025-03-26 15:59:12.306297,2312,Uber
77,2025-04-10 19:40:04.634832,2515,Uber
77,2025-06-02 21:20:43.827206,4581,Swiggy
78,2025-03-17 15:24:24.906650,4020,Fiverr
78,2025-05-23 10:00:40.009387,4103,Uber
78,2024-12-27 20:56:56.889200,1539,Upwork
78,2025-01-27 05:59:38.318469,676,Upwork
79,2025-02-05 19:44:58.167842,1063,Uber
79,2025-01-17 17:18:15.810394,909,Upwork
79,2025-05-22 11:56:43.648376,2567,Upwork
79,2025-04-02 19:16:04.414971,2575,Swiggy
80,2025-02-25 01:20:12.713201,931,Fiverr
80,2025-03-25 18:27:44.869020,3235,Fiverr
81,2025-04-06 00:26:23.531355,684,Upwork
82,2025-01-01 12:02:58.871967,3618,Uber
83,2025-01-03 11:02:59.507244,2408,Upwork
83,2025-06-02 16:53:32.766108,811,Fiverr
84,2025-05-29 15:54:06.150988,671,Swiggy
85,2025-04-30 11:44:04.620938,4427,Fiverr
85,2025-01-15 18:27:54.583812,3657,Uber
85,2025-03-26 06:29:30.350625,3838,Uber
85,2025-05-20 20:15:33.400558,4339,Uber
86,2025-03-06 04:50:40.878354,1362,Uber
86,2025-02-20 12:31:10.022899,1047,Fiverr
87,2025-02-18 10:37:29.843557,2812,Upwork
87,2025-04-19 19:04:14.296902,3313,Upwork
87,2025-04-11 17:42:32.681495,1105,Fiverr
87,2025-01-11 09:43:06.532082,1180,Swiggy
88,2025-05-12 21:50:45.704944,2238,Uber
88,2024-12-27 11:21:32.676666,4457,Fiverr
88,2024-12-04 06:20:47.295565,3966,Upwork
88,2025-01-18 09:06:56.210731,3221,Upwork
89,2025-05-05 00:26:04.490566,2156,Swiggy
89,2025-03-12 08:43:46.821555,2070,Fiverr
89,2025-01-14 07:45:01.975623,2053,Swiggy
90,2025-05-10 23:54:18.274620,3271,Upwork
92,2025-05-02 05:15:37.632101,2886,Uber
92,2025-03-08 06:25:04.010849,3698,Swiggy
92,2025-03-07 19:11:19.873634,2237,Upwork
92,2025-05-10 19:57:47.367612,4894,Uber
94,2024-12-05 05:08:56.896852,2561,Fiverr
94,2024-12-23 19:04:02.494758,1605,Fiverr
94,2025-03-14 14:32:20.894472,1641,Swiggy
95,2024-12-29 05:32:31.421383,1250,Upwork
95,2025-01-05 16:26:40.804831,3132,Upwork
95,2025-04-19 07:38:16.213623,4621,Upwork
96,2025-02-05 13:59:00.414097,2586,Swiggy
96,2025-01-07 02:05:38.891909,1837,Fiverr
97,2025-01-01 01:15:54.364272,2544,Swiggy
99,2025-01-25 19:06:11.233316,4031,Swiggy
99,2024-12-06 16:54:42.351815,3572,Fiverr
100,2025-05-02 04:49:54.825998,537,Fiverr
100,2025-05-07 06:14:23.214025,505,Uber
100,2025-05-15 15:45:31.439775,2628,Upwork
100,2025-05-03 21:21:34.757647,4119,Uber
101,2025-03-29 19:33:06.023400,2428,Swiggy
101,2025-04-26 14:02:09.940942,4077,Uber
101,2025-05-20 12:14:04.912598,2580,Swiggy
101,2025-05-19 07:23:18.998049,4136,Uber
102,2024-12-31 17:07:27.436449,4408,Fiverr
102,2025-01-09 01:27:57.535803,610,Fiverr
102,2025-02-21 03:18:32.511138,635,Upwork
103,2025-03-16 11:01:55.283749,1202,Fiverr
103,2024-12-10 02:22:04.018553,3229,Upwork
105,2024-12-29 05:48:18.850062,3067,Upwork
106,2024-12-16 20:29:57.079654,1527,Upwork
106,2025-04-23 10:17:14.632785,2140,Fiverr
107,2025-02-25 12:01:26.808157,3611,Upwork
107,2025-04-29 22:32:57.540910,4493,Upwork
108,2025-02-15 17:07:30.690210,2282,Swiggy
110,2025-01-13 00:11:32.264646,990,Upwork
111,2025-03-31 19:24:46.290790,1396,Fiverr
111,2025-04-30 00:43:50.764946,3907,Fiverr
111,2024-12-10 16:28:44.985413,4396,Uber
113,2025-04-09 11:12:41.084967,4567,Uber
113,2025-05-07 18:37:38.062809,3388,Upwork
114,2024-12-13 04:20:03.116291,3282,Uber
114,2025-01-31 08:00:50.292854,3920,Fiverr
114,2024-12-06 11:26:58.677214,3648,Swiggy
115,2025-01-14 20:06:10.790408,1542,Fiverr
115,2025-03-27 14:22:33.168472,4474,Swiggy
115,2025-01-05 09:05:59.307125,2954,Upwork
115,2025-04-02 09:20:07.535956,4202,Swiggy
116,2025-02-09 09:00:22.402281,4748,Upwork
118,2024-12-24 21:49:03.582287,2795,Uber
118,2024-12-12 19:44:06.512886,780,Fiverr
119,2025-03-15 19:51:24.721255,2664,Uber
119,2025-03-26 21:28:24.536391,4156,Swiggy
119,2025-01-27 03:01:44.137997,935,Swiggy
119,2025-04-16 15:38:56.810219,4735,Swiggy
120,2025-05-06 03:32:42.519969,2476,Fiverr
120,2025-01-04 13:35:19.951644,3935,Fiverr
120,2024-12-06 13:11:00.836991,695,Upwork
121,2025-03-29 17:19:33.986017,4457,Uber
122,2025-02-01 14:46:25.824942,4180,Upwork
123,2025-04-13 22:58:46.293211,4924,Fiverr
124,2025-05-19 03:05:02.101555,2440,Fiverr
124,2025-02-12 22:18:53.083386,4252,Fiverr
124,2025-01-05 03:41:27.187666,2838,Fiverr
124,2025-03-20 09:20:47.147920,1288,Swiggy
125,2025-04-15 14:07:50.552855,984,Fiverr
126,2024-12-18 15:57:09.683989,4780,Swiggy
126,2025-02-19 02:30:31.385641,3668,Upwork
127,2025-03-12 08:53:13.665479,658,Fiverr
127,2025-05-14 08:54:03.553664,544,Uber
128,2025-03-16 08:47:04.304977,4264,Swiggy
128,2024-12-19 11:42:08.583672,644,Swiggy
128,2025-04-03 14:19:44.014940,2548,Swiggy
128,2025-01-27 12:59:06.900075,2252,Uber
129,2025-05-06 18:15:10.570071,625,Swiggy
129,2025-01-31 20:24:20.809516,951,Uber
129,2025-05-25 07:44:09.458387,2172,Uber
131,2025-03-16 16:36:32.738971,3640,Fiverr
132,2025-04-11 11:28:42.519177,4350,Fiverr
132,2025-03-24 18:41:16.544695,832,Swiggy
132,2025-01-31 04:47:54.436707,3533,Swiggy
132,2025-03-16 02:11:03.251005,4638,Fiverr
133,2025-01-18 11:35:14.621642,1387,Uber
133,2025-05-13 17:25:25.465498,681,Uber
134,2025-03-08 05:58:56.364397,4546,Uber
134,2025-01-18 03:59:14.372371,3650,Uber
134,2025-04-23 00:28:06.470157,973,Swiggy
134,2025-03-02 11:11:48.124009,1038,Swiggy
135,2024-12-17 22:55:56.767663,645,Fiverr
135,2024-12-29 20:13:42.531322,2317,Uber
136,2024-12-03 10:31:34.139032,2482,Uber
136,2025-04-02 09:56:48.739417,2529,Upwork
137,2024-12-25 09:18:09.678312,1408,Swiggy
138,2025-02-09 02:17:00.436160,2446,Upwork
138,2025-05-02 02:52:45.080786,2234,Fiverr
139,2025-02-17 15:23:38.987590,1181,Uber
139,2025-02-05 21:41:35.524079,966,Uber
139,2025-04-08 18:09:14.902497,1635,Upwork
141,2025-01-30 20:00:33.182957,1078,Fiverr
142,2024-12-03 21:54:44.709098,3819,Uber
143,2025-05-27 05:03:26.873052,4957,Upwork
143,2025-03-04 01:27:04.707882,4936,Swiggy
143,2025-06-03 00:53:15.403164,4318,Upwork
145,2025-01-08 12:54:46.644912,1042,Upwork
145,2025-04-26 03:43:09.945327,2458,Swiggy
145,2025-02-28 08:49:40.445053,2682,Uber
145,2025-05-07 23:20:43.100531,1312,Uber
146,2025-02-25 09:56:33.588423,1882,Upwork
146,2025-01-27 13:56:00.649590,2825,Swiggy
146,2025-03-23 23:39:40.359891,4802,Upwork
147,2025-05-13 21:44:58.487584,2960,Uber
147,2025-06-01 02:00:58.425528,3416,Uber
147,2024-12-10 23:39:24.087904,1534,Fiverr
148,2025-04-05 04:57:40.092445,4099,Upwork
149,2025-02-07 12:14:33.976825,2680,Fiverr
149,2024-12-30 05:09:00.933883,1718,Uber
150,2025-03-01 10:02:55.118553,2694,Swiggy
150,2025-05-03 05:35:12.530190,2501,Fiverr
150,2025-01-17 15:51:50.829356,1860,Fiverr
150,2025-03-02 09:01:14.699644,1596,Fiverr
151,2025-01-22 20:47:04.437694,708,Swiggy
151,2025-05-29 07:17:33.432385,3184,Fiverr
151,2025-05-23 11:08:51.494525,4380,Swiggy
151,2025-05-17 04:01:00.829388,1194,Upwork
152,2025-01-21 04:33:01.136099,1088,Swiggy
152,2025-02-11 14:43:41.287720,564,Fiverr
153,2025-02-03 07:40:20.231100,3331,Uber
153,2025-02-23 07:43:57.719459,2804,Fiverr
153,2025-05-16 19:12:36.121097,4157,Uber
153,2025-05-09 01:40:46.188265,4299,Upwork
154,2025-04-13 22:42:46.294152,3389,Upwork
154,2025-05-15 07:28:38.305939,1167,Fiverr
155,2025-05-24 18:56:03.734643,2581,Swiggy
155,2024-12-18 10:51:00.863188,608,Swiggy
156,2025-02-14 15:39:25.679128,3968,Fiverr
156,2025-04-25 16:21:18.853909,2958,Fiverr
156,2025-03-17 17:21:16.270532,1238,Upwork
157,2025-02-21 18:57:34.349785,1356,Swiggy
159,2025-01-13 06:02:44.818497,1574,Uber
160,2025-01-14 22:29:46.748861,1145,Fiverr
161,2025-05-13 04:36:08.134016,515,Fiverr
161,2024-12-24 06:45:07.782899,2766,Fiverr
164,2025-03-15 09:43:31.501085,3139,Fiverr
165,2025-02-12 18:52:30.776613,1616,Uber
165,2025-03-18 08:26:11.672162,2432,Fiverr
165,2025-03-29 10:39:46.601471,2810,Uber
165,2025-05-30 18:50:18.205096,4339,Swiggy
166,2025-05-08 08:31:18.277202,3204,Upwork
166,2025-02-19 03:35:31.651186,1292,Uber
166,2024-12-29 23:26:51.872492,1500,Uber
166,2025-05-11 12:44:23.897537,1983,Upwork
170,2025-04-04 18:14:44.362408,3131,Fiverr
170,2025-01-12 15:13:08.632815,3059,Fiverr
170,2025-05-07 07:54:22.372106,670,Upwork
171,2025-02-11 06:05:42.149432,732,Upwork
171,2025-03-01 02:36:53.319875,3833,Upwork
171,2025-01-09 01:21:44.324252,3514,Fiverr
172,2025-04-18 13:13:52.195082,4073,Uber
172,2024-12-08 12:17:44.183547,3354,Uber
173,2025-01-28 15:57:05.257357,2239,Fiverr
173,2025-04-28 17:35:36.694367,4820,Fiverr
173,2024-12-27 23:05:19.177336,3748,Uber
173,2025-04-07 15:40:34.912708,2828,Fiverr
174,2024-12-05 17:03:02.520763,1174,Swiggy
174,2025-02-24 05:43:49.963040,4076,Swiggy
174,2025-05-29 21:05:14.618874,4465,Fiverr
174,2025-05-14 15:01:29.886471,4468,Uber
175,2025-05-08 04:10:08.040377,3976,Upwork
176,2025-02-15 00:04:16.117692,4373,Swiggy
176,2024-12-22 11:09:44.075116,4504,Fiverr
176,2024-12-02 20:58:12.358640,2922,Upwork
176,2024-12-23 13:02:29.551085,3078,Swiggy
178,2025-03-28 23:34:43.401529,2608,Uber
178,2025-05-19 10:30:48.864375,3445,Swiggy
180,2025-04-01 08:37:28.876215,3734,Upwork
180,2025-04-12 07:20:22.700731,1002,Swiggy
181,2025-03-31 20:53:05.786726,2071,Swiggy
181,2025-01-29 20:54:43.480074,4148,Uber
182,2025-05-14 12:05:49.371407,4852,Swiggy
182,2025-03-18 05:19:31.638512,1374,Swiggy
182,2025-02-27 19:44:27.811296,3668,Uber
182,2025-03-27 09:11:34.206153,2206,Swiggy
183,2025-04-26 10:39:39.060764,1282,Uber
183,2025-03-05 07:22:54.831843,2219,Fiverr
184,2025-01-14 09:39:46.803975,2197,Upwork
184,2025-01-23 14:30:01.341472,4529,Uber
185,2025-01-30 18:45:38.537899,897,Fiverr
185,2025-03-17 12:11:19.617490,1411,Fiverr
186,2024-12-13 01:00:36.430126,630,Fiverr
187,2025-03-24 18:44:28.081308,1477,Fiverr
188,2025-02-12 12:13:08.128243,2171,Uber
188,2025-05-13 15:49:28.216199,2938,Swiggy
188,2025-05-02 11:42:56.180965,1075,Fiverr
188,2025-05-26 08:23:15.379699,2580,Uber
191,2025-03-10 02:30:14.180603,3631,Upwork
191,2025-04-15 07:41:32.073066,4905,Uber
191,2025-04-30 01:00:32.494577,3477,Uber
191,2025-06-03 06:17:08.765436,3655,Upwork
192,2025-03-31 11:06:21.574537,1572,Upwork
193,2025-01-03 19:29:50.832095,1624,Fiverr
193,2024-12-28 06:51:59.721320,3801,Upwork
194,2025-01-27 19:08:14.556966,2658,Upwork
195,2024-12-19 15:21:04.900615,1590,Swiggy
195,2025-03-03 13:22:29.459784,4196,Fiverr
195,2024-12-11 04:30:59.376289,2049,Swiggy
195,2025-01-25 04:56:00.301032,1953,Swiggy
196,2025-03-07 17:44:07.292319,2792,Upwork
196,2025-03-06 17:16:42.861372,2036,Upwork
196,2025-02-11 01:31:42.309362,3924,Uber
196,2025-01-18 07:37:02.108471,1453,Uber
197,2025-02-12 03:20:21.625754,4480,Fiverr
197,2025-03-03 11:51:29.818680,1266,Fiverr
197,2025-04-27 01:50:49.309831,897,Swiggy
197,2025-02-11 17:36:32.848565,3254,Uber
198,2025-02-28 20:25:57.669075,2236,Fiverr
198,2025-03-26 15:35:55.403504,2758,Upwork
199,2025-01-17 11:37:35.178799,1415,Uber
199,2025-05-22 10:39:03.751616,635,Fiverr
199,2025-02-02 20:14:58.017703,3598,Fiverr
200,2025-02-28 05:16:29.944589,1285,Swiggy
200,2025-01-09 18:52:49.160803,861,Upwork
200,2024-12-31 12:19:00.352624,1036,Uber
200,2025-05-19 08:35:27.120737,4078,Swiggy
201,2025-05-03 19:47:30.940137,4978,Fiverr
202,2025-05-26 01:49:31.020307,2479,Uber
203,2025-03-05 11:00:25.471579,1906,Swiggy
203,2025-04-18 08:35:39.635903,2535,Uber
203,2024-12-12 05:52:13.515729,3686,Uber
204,2025-01-11 06:40:50.178016,1896,Uber
204,2025-02-06 19:07:30.108848,1868,Uber
204,2025-05-29 20:25:45.930198,1079,Fiverr
204,2025-03-14 00:22:13.564572,3069,Swiggy
205,2024-12-28 09:38:25.737247,1378,Fiverr
206,2025-02-16 11:18:50.159469,2000,Fiverr
206,2025-03-09 22:04:04.940714,1543,Fiverr
206,2025-05-19 00:42:36.281260,1590,Uber
207,2025-03-04 01:29:58.484163,2111,Uber
207,2024-12-31 05:09:05.725996,3153,Uber
207,2025-03-26 23:10:04.216297,3531,Swiggy
207,2025-01-13 07:24:37.266625,2397,Swiggy
208,2025-01-11 10:38:39.742901,1347,Uber
210,2024-12-02 23:31:38.723538,1289,Upwork
211,2025-04-08 16:16:50.730677,4306,Swiggy
211,2025-02-06 21:00:23.302540,2318,Uber
211,2025-03-11 20:52:08.679901,3741,Uber
211,2025-02-11 15:12:03.128896,3156,Uber
212,2025-03-02 22:44:45.333678,3488,Uber
212,2025-02-05 20:35:53.266585,1100,Fiverr
212,2024-12-07 02:21:25.041139,1900,Fiverr
212,2025-03-10 19:30:30.053347,4123,Uber
213,2025-01-12 10:41:25.643180,3918,Swiggy
213,2025-01-04 16:11:43.767428,1849,Upwork
214,2024-12-04 16:44:00.211869,1421,Upwork
215,2024-12-18 17:27:54.375102,2706,Upwork
215,2025-02-05 16:06:19.223075,3230,Upwork
216,2025-05-31 19:20:01.992512,3192,Fiverr
216,2025-05-03 11:55:53.251451,2460,Uber
217,2025-02-27 02:47:56.294127,2310,Fiverr
218,2025-02-15 19:29:14.502762,2115,Swiggy
218,2025-02-08 17:38:44.214361,3831,Upwork
218,2025-02-05 09:40:27.591228,4233,Uber
218,2024-12-24 08:59:54.667921,1667,Uber
220,2024-12-04 13:11:54.901225,2982,Fiverr
221,2025-01-14 20:42:15.085778,504,Swiggy
222,2024-12-13 13:26:15.141147,4585,Upwork
222,2025-02-11 03:11:07.989182,3300,Swiggy
223,2025-05-22 08:17:20.000740,2900,Upwork
223,2025-03-02 02:52:48.663807,1924,Uber
223,2025-01-13 16:19:34.212503,1229,Upwork
223,2025-01-28 15:46:31.271363,4154,Swiggy
224,2024-12-02 20:07:42.049731,805,Upwork
225,2024-12-29 13:42:38.796737,1270,Upwork
225,2025-04-18 18:36:22.520060,3260,Swiggy
227,2025-02-09 21:31:43.850322,3198,Fiverr
227,2025-02-21 19:21:47.178539,4936,Upwork
227,2025-05-20 22:12:56.111522,1369,Uber
227,2025-04-17 04:49:46.523172,1803,Uber
228,2025-05-07 12:51:34.851472,651,Swiggy
228,2025-01-13 16:10:14.587959,4273,Fiverr
230,2025-05-22 17:52:50.977917,2115,Uber
230,2025-03-02 15:23:54.974696,4770,Uber
231,2025-01-12 17:26:38.073363,2024,Upwork
231,2025-01-22 06:13:20.721554,3384,Swiggy
232,2024-12-12 08:26:21.836496,4497,Fiverr
234,2025-04-26 22:12:07.393764,4178,Uber
234,2025-02-01 12:06:48.554967,791,Fiverr
235,2025-03-24 12:59:25.656066,2257,Fiverr
235,2024-12-06 10:29:59.041699,2496,Fiverr
236,2025-06-01 16:10:12.504219,4460,Swiggy
236,2025-03-07 22:54:33.839364,2755,Uber
236,2025-05-29 22:58:09.295591,1719,Upwork
236,2025-01-31 11:21:28.882669,1544,Fiverr
237,2025-04-06 09:12:14.799830,1835,Uber
238,2025-01-26 13:06:23.617031,2074,Uber
238,2025-01-12 21:21:50.730165,2862,Uber
238,2025-02-24 00:12:35.072448,2039,Upwork
239,2024-12-18 04:38:35.577522,582,Uber
239,2025-01-23 20:53:52.676696,550,Swiggy
239,2024-12-26 09:36:39.864909,3729,Fiverr
239,2025-02-09 10:15:13.721218,1054,Swiggy
240,2025-01-04 16:37:30.996742,1651,Upwork
240,2024-12-31 11:07:05.540692,3886,Fiverr
240,2025-03-02 22:24:18.142541,1823,Upwork
240,2025-05-13 15:53:49.527145,4225,Fiverr
241,2025-06-01 00:59:18.483265,3488,Swiggy
242,2024-12-23 17:55:42.235229,2479,Uber
242,2024-12-18 00:02:17.421293,783,Uber
243,2025-01-07 11:22:05.947814,1547,Swiggy
243,2025-01-24 14:05:39.800368,3927,Uber
243,2025-03-21 16:41:35.309840,1416,Uber
244,2025-05-11 20:24:05.644125,1317,Upwork
244,2025-03-03 07:17:57.338372,3989,Uber
244,2025-01-27 06:48:26.977666,4857,Swiggy
244,2025-03-09 21:18:20.777437,3325,Upwork
245,2025-03-23 12:01:33.128976,1403,Swiggy
245,2024-12-22 21:08:18.861892,625,Uber
246,2024-12-03 02:19:02.811252,1060,Upwork
247,2025-04-07 02:20:16.868645,1508,Upwork
248,2025-03-15 08:44:35.428933,3365,Swiggy
248,2025-04-20 06:13:35.240161,2214,Upwork
251,2025-05-29 14:03:55.318790,3920,Fiverr
251,2024-12-31 18:56:10.557450,2646,Fiverr
251,2025-01-18 20:15:01.866987,4249,Uber
251,2025-04-03 21:40:07.436197,4438,Swiggy
252,2024-12-03 23:59:47.709719,1080,Swiggy
252,2025-01-22 10:26:01.425302,3926,Uber
252,2025-05-29 10:32:18.035636,2612,Swiggy
252,2024-12-22 02:18:59.636526,680,Upwork
253,2024-12-22 20:28:56.096521,2114,Fiverr
253,2025-01-05 18:08:21.842899,3210,Upwork
253,2024-12-23 11:35:34.805498,3503,Uber
253,2025-02-13 22:56:51.858175,623,Uber
256,2025-05-28 05:53:32.803296,772,Uber
256,2025-04-04 18:17:42.860714,3986,Swiggy
256,2025-05-06 05:31:19.029880,2469,Upwork
257,2025-05-07 06:31:37.312345,1965,Uber
257,2025-01-29 05:37:56.173812,4694,Uber
259,2025-03-24 06:48:06.187208,4692,Uber
259,2024-12-26 11:41:08.146024,652,Fiverr
259,2024-12-08 03:25:33.726217,2810,Fiverr
259,2025-02-27 01:18:35.719219,1871,Upwork
260,2025-03-16 06:33:42.375039,4792,Swiggy
260,2025-03-08 17:29:03.379514,3716,Upwork
260,2024-12-20 07:35:05.371235,640,Uber
261,2024-12-10 16:10:08.083036,3500,Fiverr
261,2025-03-01 13:31:44.725718,4071,Upwork
261,2025-04-18 17:38:21.066200,1809,Upwork
261,2025-04-19 06:38:56.295481,3556,Upwork
262,2025-05-27 08:49:12.388408,2415,Fiverr
262,2024-12-17 00:23:56.042978,2494,Uber
262,2025-01-03 17:28:40.681531,4831,Swiggy
263,2025-03-06 07:14:12.336622,3368,Upwork
263,2025-02-21 09:09:36.242463,1946,Uber
264,2025-03-06 14:58:38.952865,4941,Upwork
264,2025-03-17 02:13:08.739206,2836,Upwork
264,2025-01-04 15:13:40.466150,1672,Uber
265,2025-02-16 21:06:47.074572,1462,Swiggy
265,2025-01-11 05:37:43.419587,598,Swiggy
265,2024-12-31 13:55:26.507000,2241,Upwork
265,2025-01-05 04:46:40.939960,2626,Uber
266,2025-02-20 08:38:46.387244,2199,Uber
266,2025-04-07 01:27:25.598231,4684,Fiverr
266,2025-04-17 22:28:20.578636,1276,Uber
266,2025-03-22 02:08:44.131944,3516,Uber
267,2025-03-25 07:45:17.916105,4213,Fiverr
267,2025-02-13 15:42:23.089493,4225,Upwork
267,2025-03-23 10:30:47.040034,3143,Swiggy
267,2025-04-16 07:11:30.628245,631,Swiggy
268,2025-05-28 18:50:22.569698,3545,Fiverr
268,2025-01-22 20:49:02.932872,4815,Fiverr
268,2025-01-08 20:37:11.832670,665,Uber
268,2025-04-30 11:57:37.084021,2739,Fiverr
269,2025-03-24 13:05:42.498265,2967,Upwork
269,2025-04-13 11:05:21.543676,1782,Fiverr
269,2025-01-31 01:24:55.674998,1444,Upwork
269,2025-05-28 12:53:59.544595,4109,Fiverr
270,2025-04-11 10:24:54.843630,3630,Uber
270,2025-05-09 10:59:27.740771,1919,Uber
270,2024-12-08 13:53:32.775120,1720,Swiggy
271,2025-01-17 16:44:38.646783,1915,Uber
271,2025-01-14 21:43:03.732569,2004,Uber
271,2025-01-10 05:38:05.463382,1369,Uber
271,2025-04-12 11:29:03.069364,571,Swiggy
272,2025-05-16 04:09:57.448247,3305,Upwork
273,2025-01-25 22:41:56.110188,2419,Uber
274,2025-02-04 21:18:48.748434,3316,Upwork
274,2025-02-12 16:10:47.837576,3452,Fiverr
275,2025-02-20 02:58:00.602594,940,Swiggy
275,2025-04-28 21:39:19.163623,3370,Fiverr
275,2024-12-26 21:08:56.442054,4678,Fiverr
276,2025-05-25 12:58:03.467919,2624,Swiggy
276,2025-04-02 17:28:58.687112,2868,Fiverr
276,2025-05-20 04:06:53.509408,4226,Upwork
278,2024-12-07 05:03:18.730884,1658,Uber
278,2025-02-13 18:47:55.260905,4586,Fiverr
279,2025-02-13 11:14:28.425650,3457,Swiggy
279,2025-04-07 15:02:47.498851,1259,Swiggy
280,2025-02-15 07:55:17.515118,2290,Fiverr
280,2024-12-09 13:53:20.898209,2206,Swiggy
281,2025-01-11 16:29:32.476902,4084,Uber
282,2025-01-12 09:56:08.924819,4265,Upwork
282,2025-05-04 19:45:08.075347,3759,Swiggy
282,2025-02-21 15:45:51.070869,1726,Uber
283,2025-04-24 09:35:08.690921,1195,Swiggy
283,2024-12-07 13:00:41.921053,2404,Uber
284,2025-03-29 02:11:59.546773,3970,Upwork
284,2025-02-01 11:54:54.236732,3610,Upwork
284,2024-12-11 05:29:58.174351,2241,Uber
286,2025-04-11 19:48:43.372352,2830,Uber
287,2025-02-17 13:00:27.937800,2911,Uber
288,2025-02-15 08:31:38.672930,3798,Swiggy
288,2025-01-08 18:08:33.625028,3782,Swiggy
289,2025-05-15 17:05:46.924186,4708,Fiverr
289,2025-01-02 18:04:39.644747,798,Swiggy
289,2025-03-16 15:16:09.984780,4812,Upwork
289,2024-12-31 12:48:43.091853,4162,Swiggy
291,2025-02-07 21:01:14.598458,2473,Upwork
291,2024-12-12 08:04:48.692968,3178,Upwork
291,2024-12-12 05:29:38.687821,1053,Fiverr
292,2025-02-11 05:48:29.475460,1697,Upwork
292,2025-03-16 16:26:31.627575,745,Uber
293,2025-01-26 03:23:53.161391,3987,Swiggy
293,2025-06-02 13:59:28.002482,3528,Swiggy
293,2025-02-25 14:48:49.463237,2910,Fiverr
293,2025-01-04 13:49:51.238877,2120,Upwork
294,2025-05-28 08:33:21.052583,4499,Fiverr
295,2025-02-19 11:28:58.419276,4657,Swiggy
296,2024-12-17 09:36:40.207268,4280,Swiggy
296,2024-12-10 14:55:59.262735,2098,Uber
296,2024-12-10 08:20:50.933861,3445,Fiverr
296,2024-12-20 13:29:47.642690,4296,Upwork
297,2025-05-28 19:24:01.971618,1429,Swiggy
301,2025-04-02 12:22:30.794129,1408,Swiggy
302,2025-05-27 11:42:06.665194,2556,Fiverr
302,2025-01-13 02:22:54.047984,1327,Fiverr
302,2025-02-10 07:54:25.711986,4721,Swiggy
302,2025-05-21 00:45:18.925913,2909,Fiverr
303,2025-04-10 07:42:29.297904,3513,Swiggy
303,2025-03-06 10:40:27.608214,566,Upwork
303,2025-05-11 22:48:27.967101,4246,Swiggy
303,2025-02-07 18:11:35.978746,2024,Uber
305,2025-05-27 10:19:27.154843,2805,Swiggy
309,2024-12-03 13:07:03.045147,3482,Fiverr
309,2024-12-07 06:06:04.639067,3682,Upwork
309,2024-12-24 03:28:01.399143,568,Fiverr
309,2025-03-12 13:29:10.102306,557,Swiggy
311,2025-03-18 10:32:14.174657,3731,Upwork
311,2025-03-21 15:37:13.809369,1371,Fiverr
311,2025-03-10 04:29:31.161408,3476,Swiggy
311,2025-04-16 05:34:48.340166,2299,Upwork
312,2025-04-10 20:37:08.461246,3681,Uber
314,2024-12-23 22:01:35.186491,3827,Fiverr
314,2025-02-19 11:54:53.614077,3101,Upwork
315,2025-02-06 06:31:36.428401,1947,Uber
315,2025-04-13 15:36:01.038305,2626,Swiggy
315,2025-03-14 09:25:10.832669,2395,Upwork
317,2025-01-10 05:14:50.253778,1612,Uber
318,2025-01-08 19:45:27.249068,2354,Upwork
319,2024-12-09 06:18:02.464871,2385,Upwork
320,2025-04-13 22:10:13.812008,3817,Swiggy
320,2025-02-26 09:58:07.061676,3613,Swiggy
320,2025-01-12 15:36:19.301061,2354,Uber
323,2025-05-08 11:57:23.060999,3761,Upwork
324,2025-02-28 04:27:37.415338,1026,Uber
324,2025-05-16 04:03:57.832026,4260,Swiggy
325,2025-04-15 17:16:59.000597,663,Uber
326,2025-02-17 12:45:20.751685,2730,Uber
326,2024-12-03 01:57:07.069184,511,Uber
327,2024-12-27 00:07:45.604524,1894,Upwork
328,2025-03-28 06:21:19.604758,3468,Swiggy
328,2025-03-05 22:22:27.224457,2380,Uber
328,2025-04-06 03:06:53.824848,3350,Upwork
330,2025-05-04 21:15:39.683164,2867,Upwork
330,2025-03-17 16:07:40.687222,3299,Uber
332,2025-01-14 21:31:54.041340,4795,Upwork
332,2025-06-01 04:40:28.309102,1447,Uber
332,2025-02-01 16:40:57.625621,2800,Uber
333,2024-12-12 07:16:55.672287,695,Swiggy
333,2025-04-04 00:13:10.316291,4329,Fiverr
333,2025-05-16 15:12:00.121655,1197,Uber
334,2025-04-28 09:30:53.557714,4033,Upwork
334,2025-02-07 19:08:02.168644,4143,Uber
334,2025-04-26 18:16:03.587389,615,Swiggy
337,2025-01-09 05:34:52.357275,2230,Upwork
337,2025-02-23 11:01:17.592108,2728,Uber
338,2025-01-16 13:02:23.381005,2161,Swiggy
338,2024-12-16 21:14:28.708683,981,Fiverr
338,2025-05-13 02:53:05.428046,1076,Fiverr
339,2024-12-08 12:00:22.342738,1158,Uber
339,2024-12-26 11:32:08.900020,3820,Uber
340,2025-05-05 04:54:34.141586,1178,Swiggy
341,2024-12-25 18:41:49.307919,3509,Swiggy
341,2024-12-27 10:30:15.124565,1082,Fiverr
341,2025-05-01 20:37:36.787771,2402,Swiggy
343,2025-02-03 19:33:39.506991,656,Upwork
343,2025-01-24 19:39:42.001689,4050,Fiverr
343,2025-03-21 10:34:43.822665,4120,Upwork
343,2024-12-10 01:09:14.918037,2777,Swiggy
344,2025-01-25 05:19:30.635596,4459,Uber
344,2025-03-14 04:54:50.154463,3349,Swiggy
344,2025-02-10 08:35:46.757258,3169,Fiverr
344,2025-05-21 23:07:43.307750,2040,Upwork
345,2025-03-16 02:13:20.105536,3041,Swiggy
345,2025-03-27 22:49:16.805903,2160,Uber
345,2025-04-03 03:52:51.743619,1300,Fiverr
345,2025-02-09 03:49:37.440088,4122,Uber
346,2025-02-07 16:30:44.468279,3188,Swiggy
346,2025-01-08 07:57:04.891800,768,Swiggy
346,2025-02-22 14:40:28.498066,1024,Fiverr
347,2025-02-03 21:25:43.377603,4485,Uber
347,2025-03-08 20:34:11.306382,3090,Swiggy
348,2025-02-27 03:31:39.387634,584,Swiggy
348,2024-12-05 06:56:23.487726,4159,Uber
348,2024-12-14 21:46:26.898627,4032,Swiggy
349,2025-01-30 13:47:50.774273,4784,Uber
349,2024-12-16 07:26:59.217875,2709,Uber
349,2025-05-17 11:12:01.523818,1950,Swiggy
350,2025-02-05 11:46:01.536766,4510,Swiggy
351,2025-02-02 21:54:01.875123,1060,Fiverr
351,2025-04-03 20:47:38.507577,4750,Uber
353,2024-12-20 00:30:57.355885,1688,Upwork
353,2025-06-03 01:16:39.016098,2081,Uber
353,2025-02-11 13:17:48.112658,1915,Fiverr
353,2025-02-21 01:07:25.742057,4093,Fiverr
354,2025-03-19 21:06:14.126742,1571,Upwork
354,2025-01-20 06:49:19.652239,2224,Swiggy
354,2025-04-05 02:52:36.276385,2913,Uber
355,2025-03-05 10:23:20.207207,1713,Fiverr
355,2025-03-30 14:03:50.041003,3632,Uber
356,2025-04-22 15:50:12.261351,665,Fiverr
356,2024-12-31 02:20:05.561239,2622,Upwork
356,2025-01-31 04:52:06.556072,3982,Upwork
357,2025-03-09 11:02:09.387203,4691,Swiggy
357,2024-12-12 16:07:49.107902,1264,Uber
357,2025-04-29 01:46:39.088914,4899,Swiggy
358,2024-12-07 18:54:21.931216,4070,Upwork
358,2025-03-24 12:09:17.608621,2207,Fiverr
358,2025-05-31 01:53:44.844607,1092,Fiverr
359,2025-05-30 05:07:27.362487,2416,Fiverr
359,2025-02-20 23:35:59.707803,2477,Fiverr
359,2025-04-21 13:00:44.988437,2732,Uber
361,2025-02-02 16:44:53.134292,1038,Swiggy
362,2025-04-27 15:23:39.797875,2705,Upwork
362,2024-12-07 21:00:57.673555,4468,Swiggy
362,2025-01-26 09:12:29.374088,3779,Swiggy
362,2025-02-08 17:08:58.105317,1158,Fiverr
363,2025-01-09 13:01:03.649138,587,Upwork
363,2025-02-27 20:33:47.859649,2698,Uber
363,2025-01-05 19:48:05.674782,2908,Uber
363,2025-03-07 10:47:35.483057,812,Swiggy
364,2025-03-23 15:04:45.837463,4241,Fiverr
365,2025-05-15 05:03:47.018040,3948,Uber
365,2025-03-27 01:30:17.897322,3103,Swiggy
365,2025-05-30 00:57:43.792948,1443,Uber
365,2025-03-11 01:25:35.719571,4130,Uber
366,2025-02-13 21:24:46.598167,4739,Fiverr
366,2025-03-20 12:06:54.520389,3490,Fiverr
366,2025-01-03 07:53:22.638149,1446,Swiggy
366,2025-02-23 22:30:53.842800,3776,Swiggy
367,2025-02-22 22:12:50.914037,4395,Uber
367,2025-03-04 17:00:01.438266,3085,Upwork
368,2025-03-27 18:35:44.375110,1661,Uber
368,2025-04-08 16:32:17.903540,4078,Uber
369,2025-03-05 08:21:47.261644,2924,Uber
369,2025-03-08 03:49:31.921496,1466,Swiggy
370,2025-04-12 17:05:03.064612,1633,Fiverr
370,2025-02-24 07:02:35.917254,1937,Uber
371,2025-03-16 04:51:52.036166,1726,Upwork
371,2025-02-08 13:57:36.788950,3600,Swiggy
371,2025-01-18 09:20:04.023439,4403,Fiverr
372,2024-12-19 23:59:28.084870,4561,Fiverr
372,2024-12-12 09:39:00.553917,3477,Fiverr
372,2025-05-31 22:51:10.413685,3529,Fiverr
372,2024-12-17 09:14:13.653620,674,Upwork
373,2025-03-10 16:20:25.145993,1399,Upwork
373,2025-03-29 21:53:46.566393,4721,Swiggy
374,2025-01-11 12:44:40.721234,1479,Fiverr
374,2025-05-25 13:56:09.969030,4126,Fiverr
376,2025-01-26 09:37:20.554667,1750,Fiverr
378,2025-05-06 18:17:31.378767,1319,Uber
379,2025-03-08 09:10:58.263179,4251,Swiggy
379,2024-12-09 14:26:50.393241,1321,Uber
379,2025-01-30 13:12:09.666958,4690,Uber
380,2024-12-07 01:53:35.686663,1880,Fiverr
380,2025-01-10 11:54:21.171879,4963,Uber
380,2025-01-22 22:18:52.661852,2430,Swiggy
380,2025-05-23 18:15:33.256123,4096,Fiverr
381,2025-02-09 23:41:30.932270,1221,Uber
381,2024-12-08 11:13:13.162601,620,Fiverr
381,2025-05-20 05:11:46.199854,3111,Swiggy
381,2025-03-20 22:41:35.427117,3372,Upwork
382,2024-12-11 20:17:13.069986,1228,Upwork
382,2025-02-10 11:14:47.525671,2878,Swiggy
382,2025-02-28 09:48:10.963635,1000,Uber
384,2024-12-28 02:06:45.099656,1244,Swiggy
384,2025-05-09 23:07:28.858099,591,Fiverr
384,2024-12-24 11:24:08.174552,3127,Uber
385,2025-02-18 10:20:20.844429,922,Uber
385,2024-12-21 05:04:48.540454,3753,Swiggy
385,2024-12-15 10:17:51.525909,1668,Upwork
385,2025-02-28 14:19:48.640630,3156,Upwork
386,2025-04-07 16:00:20.556831,3643,Fiverr
387,2025-03-27 03:18:17.809086,3663,Uber
387,2024-12-08 00:49:47.634543,4721,Uber
388,2025-02-13 04:06:19.409791,2101,Fiverr
388,2025-03-04 02:56:30.511477,4504,Uber
388,2025-02-01 04:58:16.702550,635,Upwork
388,2025-01-01 14:25:20.173000,2847,Swiggy
389,2025-05-18 12:23:18.612325,1430,Swiggy
389,2025-03-18 13:32:35.814116,672,Uber
391,2025-03-31 21:25:48.439758,942,Fiverr
391,2025-02-14 19:36:31.574424,1100,Uber
393,2025-01-27 13:23:05.152189,1405,Swiggy
393,2025-05-08 17:33:45.644938,2173,Fiverr
393,2024-12-03 22:45:15.182276,954,Swiggy
395,2024-12-27 01:26:12.757897,3048,Swiggy
395,2025-05-23 02:07:07.287756,1684,Upwork
395,2025-03-19 02:10:12.692213,2469,Uber
395,2024-12-11 22:46:36.578033,2952,Uber
397,2025-04-11 15:04:09.439662,1675,Fiverr
398,2025-04-27 01:20:26.633881,1503,Fiverr
398,2025-01-19 15:49:27.095976,3058,Swiggy
398,2025-05-18 13:29:57.910833,4306,Swiggy
399,2025-01-29 03:50:37.590230,4143,Fiverr
399,2025-05-07 23:29:27.581684,3664,Upwork
399,2025-04-15 13:38:43.955851,1949,Upwork
399,2025-01-22 09:13:03.639687,1274,Upwork
400,2025-02-22 06:47:12.149799,4184,Swiggy
401,2024-12-31 05:35:59.193274,1619,Swiggy
401,2024-12-10 10:48:19.509424,2860,Swiggy
401,2025-02-28 16:43:48.149821,2122,Fiverr
403,2025-01-12 13:08:29.744156,2103,Fiverr
403,2025-04-25 08:16:42.941140,2427,Uber
403,2025-05-10 23:41:17.415360,4160,Upwork
405,2025-04-20 05:00:25.266381,2324,Swiggy
405,2024-12-03 04:14:22.061277,4866,Swiggy
405,2025-05-29 07:31:30.068875,4567,Swiggy
406,2025-04-15 16:11:44.913495,1361,Fiverr
407,2024-12-25 18:43:41.490473,2398,Fiverr
407,2025-02-17 02:08:34.030711,2976,Upwork
407,2025-04-21 21:18:05.918775,4122,Uber
408,2025-03-29 08:46:25.917753,3542,Upwork
408,2025-05-01 23:27:14.998224,1554,Upwork
408,2025-01-26 15:40:13.390159,3146,Fiverr
409,2025-05-10 10:10:13.586672,3301,Swiggy
410,2025-01-17 08:42:03.889142,4181,Fiverr
410,2025-05-23 14:08:39.798370,4836,Fiverr
411,2025-04-20 18:04:39.661266,3480,Swiggy
411,2025-02-22 21:09:56.326193,2591,Fiverr
411,2025-04-22 08:08:25.244622,2628,Uber
412,2025-05-18 13:57:05.307921,4665,Swiggy
412,2025-05-16 17:11:33.603173,2231,Upwork
412,2025-04-30 22:05:00.991646,3841,Swiggy
413,2024-12-22 09:11:06.496260,4355,Swiggy
413,2025-01-01 01:13:35.831547,4142,Upwork
413,2025-04-02 05:44:27.360271,3527,Fiverr
413,2025-04-29 02:38:06.396032,1996,Uber
414,2024-12-21 03:49:46.319290,3354,Swiggy
414,2024-12-27 05:56:48.009181,4474,Uber
414,2025-04-24 17:44:43.639239,1382,Swiggy
415,2025-04-24 15:08:54.365192,4789,Upwork
416,2025-01-11 08:28:42.050161,2314,Swiggy
416,2025-03-15 03:49:23.070904,1561,Fiverr
417,2025-01-28 02:59:11.095702,1855,Uber
417,2025-05-07 02:37:55.736162,3489,Fiverr
417,2025-03-30 01:37:59.818196,3351,Swiggy
418,2025-01-22 02:59:50.755283,2086,Swiggy
419,2025-04-02 21:55:02.391949,3547,Fiverr
419,2024-12-20 01:47:17.021354,3636,Swiggy
419,2024-12-26 14:14:37.909791,2380,Fiverr
419,2025-05-18 06:44:03.602760,3047,Swiggy
420,2025-03-15 20:47:18.315507,3452,Fiverr
421,2025-03-01 08:15:55.299581,2308,Swiggy
421,2025-01-06 00:41:57.205464,2625,Upwork
421,2025-01-26 21:55:48.118690,3944,Fiverr
421,2025-05-30 01:44:02.572606,4288,Uber
422,2025-05-02 05:46:12.414002,1009,Swiggy
423,2024-12-23 01:06:57.387612,1945,Upwork
424,2025-01-16 14:38:13.840287,4559,Uber
424,2024-12-13 16:49:42.579802,3780,Uber
424,2025-01-28 06:48:19.919225,2533,Upwork
424,2024-12-26 19:28:58.597516,2110,Upwork
425,2025-03-02 00:17:50.297386,2660,Upwork
425,2025-06-03 03:32:49.020351,2816,Swiggy
425,2025-05-02 22:08:13.682406,1407,Fiverr
427,2025-05-13 16:11:43.380147,2051,Swiggy
427,2025-05-09 08:56:54.234521,3556,Swiggy
430,2024-12-17 12:35:48.786349,4763,Uber
430,2025-05-07 09:55:25.583708,2631,Fiverr
430,2025-04-21 01:34:15.530812,2450,Upwork
430,2025-05-27 12:05:11.401708,941,Upwork
431,2025-05-11 03:03:37.073906,1430,Uber
431,2024-12-10 10:10:00.667601,1721,Uber
431,2025-02-19 02:53:48.659408,2402,Fiverr
431,2025-01-27 11:59:27.975845,1920,Upwork
432,2024-12-17 21:31:48.702064,2553,Swiggy
432,2024-12-23 03:57:41.126190,1398,Fiverr
433,2025-05-17 10:32:27.284506,2269,Swiggy
433,2025-02-09 23:29:54.615163,1302,Upwork
434,2025-04-08 21:36:16.386919,1508,Swiggy
434,2024-12-07 01:42:06.949088,2817,Swiggy
436,2024-12-19 14:26:38.897348,4498,Fiverr
437,2025-05-23 08:03:26.298295,4005,Uber
437,2025-01-15 11:21:31.139478,1324,Swiggy
438,2025-05-16 19:04:28.875885,4573,Uber
438,2025-03-07 03:46:53.491128,3837,Upwork
438,2025-04-11 00:40:20.633476,4015,Upwork
440,2025-02-09 08:46:36.018069,3381,Fiverr
440,2025-03-05 05:59:05.759107,599,Fiverr
440,2025-02-19 10:39:23.002339,2698,Swiggy
440,2025-03-31 10:29:19.933348,2969,Fiverr
442,2025-05-21 16:05:38.111545,2908,Upwork
442,2025-04-28 00:11:41.527564,3634,Swiggy
442,2024-12-14 17:44:36.662627,3060,Fiverr
444,2025-01-18 02:34:09.833235,3230,Upwork
445,2025-05-23 12:04:56.647348,1509,Upwork
448,2025-05-05 19:21:39.667661,2916,Swiggy
448,2024-12-08 17:44:05.314756,1794,Uber
449,2025-04-07 20:34:33.239094,568,Fiverr
449,2025-01-28 04:20:14.512065,2106,Uber
450,2024-12-17 11:10:06.238897,2213,Uber
450,2025-05-17 01:19:03.504467,3925,Uber
450,2025-02-28 00:41:30.024446,1067,Fiverr
451,2025-03-05 00:48:22.190200,2474,Uber
452,2025-04-25 14:58:26.163538,1926,Uber
452,2025-01-16 06:11:58.633076,4337,Swiggy
452,2025-01-28 03:41:20.059031,2411,Swiggy
452,2024-12-30 17:13:18.093540,3033,Uber
454,2025-02-21 12:07:41.678896,3813,Swiggy
454,2025-05-30 01:33:01.925448,4081,Upwork
454,2025-05-04 03:01:59.365887,4470,Swiggy
454,2025-01-31 21:10:57.195653,3209,Swiggy
455,2024-12-29 15:54:31.930859,4838,Uber
455,2025-02-27 01:35:14.653510,2224,Upwork
455,2025-05-17 15:32:43.796110,2764,Swiggy
455,2025-05-06 23:14:18.840800,1891,Fiverr
456,2025-04-21 20:47:56.402503,4775,Uber
456,2025-03-28 15:33:16.703432,4933,Fiverr
457,2025-04-14 00:10:44.498503,2926,Fiverr
458,2025-05-03 02:04:43.459964,544,Uber
459,2025-04-26 07:06:28.320984,1386,Uber
460,2025-04-07 20:22:12.607219,4992,Uber
461,2024-12-17 04:30:20.298154,578,Swiggy
461,2025-03-26 01:33:19.285723,1190,Uber
461,2024-12-17 16:15:43.181528,4174,Upwork
462,2024-12-30 15:08:27.852844,2847,Swiggy
463,2025-05-29 19:12:34.203999,1423,Swiggy
463,2025-05-24 22:25:44.964101,1248,Upwork
465,2025-03-05 17:33:39.538729,1730,Upwork
465,2025-01-16 07:15:09.701734,1190,Swiggy
465,2025-01-08 01:47:48.555159,3259,Swiggy
465,2024-12-10 18:48:09.978984,804,Upwork
466,2024-12-07 05:49:18.858724,1514,Fiverr
466,2024-12-19 15:10:43.269318,2431,Upwork
467,2025-02-13 18:46:32.126581,2919,Uber
468,2024-12-19 13:51:38.818076,3835,Swiggy
469,2024-12-12 15:56:12.779241,4537,Swiggy
470,2024-12-15 19:12:50.595217,4894,Swiggy
470,2024-12-24 06:30:55.206400,4024,Upwork
470,2025-03-21 10:31:57.559163,3644,Fiverr
470,2025-03-08 18:11:12.732367,1260,Swiggy
472,2025-01-01 08:26:54.330088,757,Uber
472,2025-04-29 21:29:08.387264,3061,Uber
473,2025-02-21 09:46:30.372200,1966,Fiverr
474,2024-12-11 16:43:59.301156,1270,Uber
475,2025-05-10 03:28:34.784711,1493,Fiverr
476,2025-02-18 05:42:03.901074,1643,Upwork
477,2025-02-12 00:16:37.146324,4819,Uber
477,2025-03-20 21:41:27.932009,1331,Fiverr
478,2025-05-03 16:42:01.377802,4214,Swiggy
478,2024-12-24 15:44:14.387259,904,Upwork
478,2025-01-04 22:40:06.253702,4049,Fiverr
478,2025-02-08 02:54:52.260216,1105,Fiverr
479,2025-01-07 08:24:19.208282,4886,Upwork
479,2025-03-01 22:47:31.385898,2838,Upwork
479,2025-02-23 02:56:42.872913,2657,Upwork
480,2025-03-31 12:23:40.376355,1102,Uber
480,2025-04-02 04:19:26.690137,2772,Fiverr
480,2024-12-28 13:05:57.308977,1931,Fiverr
481,2025-04-06 21:05:23.296832,1155,Uber
481,2024-12-14 07:17:54.878822,1451,Swiggy
481,2025-05-28 17:13:22.508554,1567,Upwork
482,2025-02-23 21:38:57.965793,3751,Swiggy
483,2025-02-12 22:47:52.497383,555,Upwork
483,2025-05-25 03:16:44.382684,680,Uber
483,2025-04-24 15:20:47.532503,1028,Upwork
483,2025-03-13 01:04:16.053136,4075,Uber
484,2025-01-24 20:53:27.591260,3966,Swiggy
484,2025-02-28 16:33:28.571121,1176,Uber
484,2025-02-01 06:05:47.653996,590,Upwork
484,2025-03-12 20:20:46.612111,2830,Swiggy
486,2024-12-28 05:15:40.832455,4483,Upwork
486,2025-05-19 02:54:27.457654,3449,Swiggy
487,2025-06-02 10:52:29.173228,2535,Fiverr
487,2025-05-31 17:37:52.914331,1267,Swiggy
487,2024-12-26 02:35:05.558968,3422,Upwork
487,2025-03-04 14:55:19.076228,4602,Upwork
490,2025-02-20 12:03:46.300323,1838,Fiverr
490,2025-02-17 07:09:44.745998,3434,Fiverr
491,2025-02-28 15:40:41.262714,2311,Upwork
493,2025-04-17 09:39:08.992883,1179,Uber
493,2025-04-21 23:58:36.724567,1547,Upwork
494,2025-05-14 20:55:01.423772,2452,Upwork
494,2025-01-19 10:08:44.806501,4126,Fiverr
494,2025-01-03 03:59:15.416695,594,Upwork
495,2025-04-12 17:45:27.631551,4620,Swiggy
495,2025-03-23 07:14:17.032313,3430,Fiverr
495,2024-12-16 01:37:07.283664,3984,Upwork
495,2024-12-15 12:56:18.632805,4790,Upwork
496,2025-04-02 12:44:07.169358,4801,Swiggy
496,2025-04-02 03:15:19.700613,4564,Uber
496,2025-03-04 21:21:48.704951,803,Upwork
498,2025-03-12 17:35:27.255369,3392,Fiverr
499,2025-05-28 17:13:00.145079,2502,Upwork
499,2025-01-24 15:47:30.219919,4592,Upwork
499,2025-05-14 21:21:35.313768,1951,Upwork
499,2025-03-22 06:57:28.236648,3462,Fiverr
502,2025-05-24 04:50:39.296841,1481,Fiverr
502,2025-03-07 16:14:50.346592,3893,Swiggy
502,2025-02-04 09:27:46.625977,4495,Fiverr
503,2025-04-06 01:52:41.498729,1401,Swiggy
503,2025-04-14 13:19:29.530878,1693,Upwork
504,2025-05-08 14:26:40.854701,2647,Swiggy
505,2025-03-30 05:18:35.037482,1833,Uber
505,2025-03-02 04:01:51.182209,4258,Swiggy
505,2025-05-12 10:57:11.474037,2699,Upwork
506,2025-04-02 08:26:52.033281,1577,Swiggy
506,2024-12-23 22:40:51.980538,3778,Upwork
506,2024-12-16 04:33:40.139124,1234,Swiggy
507,2024-12-20 00:40:48.475758,1902,Fiverr
507,2025-06-01 06:44:03.559935,781,Upwork
507,2024-12-26 12:44:30.998144,4047,Uber
509,2025-04-01 23:18:58.299804,2799,Upwork
512,2025-04-19 03:57:21.227731,2063,Swiggy
513,2025-02-18 18:11:54.779004,2301,Fiverr
513,2025-05-11 09:45:26.753588,2371,Upwork
513,2025-05-26 16:27:09.714664,4969,Upwork
514,2024-12-28 17:01:26.938323,1422,Fiverr
514,2024-12-18 11:59:47.139700,892,Upwork
514,2025-02-06 00:00:49.233695,4027,Swiggy
515,2025-03-25 03:20:14.804354,1163,Uber
515,2025-05-19 22:25:29.357833,4202,Upwork
516,2025-04-22 01:23:00.008414,3473,Swiggy
516,2025-02-21 09:08:52.918346,2474,Swiggy
516,2025-03-14 04:35:13.653093,2906,Fiverr
517,2025-04-27 19:27:56.130597,1290,Swiggy
517,2025-04-22 08:01:39.966623,1618,Swiggy
517,2025-05-25 00:58:59.806346,4021,Fiverr
517,2025-04-07 03:08:26.553141,2629,Swiggy
518,2024-12-12 03:01:00.584745,2037,Swiggy
519,2024-12-30 05:13:15.391820,1356,Swiggy
520,2025-04-24 17:47:53.794336,1578,Fiverr
520,2025-02-28 17:47:28.989901,3980,Upwork
521,2025-01-07 18:48:23.155317,711,Fiverr
522,2025-03-25 14:12:40.453397,4982,Upwork
523,2025-04-24 07:49:59.566157,4806,Fiverr
524,2025-04-06 16:03:13.177339,4382,Upwork
524,2025-04-02 15:48:38.359992,929,Fiverr
524,2025-05-26 01:57:30.604442,3639,Uber
526,2025-05-03 23:48:42.613651,4561,Swiggy
527,2025-02-08 18:26:59.229780,1141,Uber
529,2025-01-28 23:23:59.813322,1734,Uber
529,2024-12-20 16:03:08.222030,2729,Upwork
529,2025-03-25 22:26:23.263435,4150,Swiggy
531,2025-02-06 16:12:55.359041,3693,Upwork
531,2025-03-31 02:34:57.773946,4135,Uber
531,2025-03-23 02:57:28.652564,4972,Uber
531,2025-03-30 01:52:40.172658,4522,Swiggy
532,2025-02-17 07:47:15.865102,2663,Upwork
532,2025-02-09 06:20:40.532168,4890,Fiverr
533,2025-04-23 03:39:27.099869,1799,Swiggy
534,2025-02-27 20:12:15.299988,1898,Fiverr
534,2024-12-21 04:56:48.354825,3595,Fiverr
535,2025-01-10 12:16:07.843196,557,Fiverr
535,2024-12-15 00:24:35.390390,2297,Swiggy
535,2025-02-23 12:14:37.444392,3844,Fiverr
535,2025-05-28 05:48:02.953863,2317,Swiggy
536,2025-05-03 17:42:34.662608,1953,Swiggy
536,2025-06-02 09:03:54.947529,1715,Upwork
536,2025-03-07 11:01:14.258780,3986,Swiggy
536,2024-12-11 17:42:15.128171,4894,Fiverr
537,2025-01-14 07:37:46.969854,1954,Fiverr
537,2024-12-13 18:31:40.489856,4668,Swiggy
537,2025-02-16 13:12:24.695357,3888,Upwork
538,2024-12-27 08:01:15.718004,2804,Uber
538,2025-02-01 07:52:23.420238,3837,Upwork
538,2025-03-10 05:45:48.793956,1294,Fiverr
538,2025-02-19 00:18:03.907490,4012,Swiggy
540,2025-04-02 19:54:24.530920,1887,Swiggy
540,2025-05-29 15:58:43.867631,4640,Upwork
540,2025-03-21 23:36:53.770730,1166,Fiverr
541,2025-01-01 14:17:52.498812,872,Upwork
541,2025-02-05 00:06:46.704716,1045,Upwork
542,2024-12-04 05:31:51.823958,1387,Swiggy
543,2025-04-06 12:37:17.722199,2215,Upwork
544,2025-01-18 17:18:03.546699,4021,Swiggy
544,2025-03-30 00:13:26.061953,4636,Uber
545,2025-05-15 08:00:47.229388,3934,Uber
547,2025-04-01 17:17:14.759809,2232,Upwork
549,2024-12-19 23:47:05.366118,1487,Upwork
550,2025-02-13 06:22:10.891333,3495,Upwork
550,2025-04-14 12:11:51.341563,717,Upwork
551,2025-05-04 19:56:41.846495,3713,Fiverr
551,2025-05-12 06:09:02.407095,1819,Fiverr
552,2025-03-31 02:34:29.460862,2685,Upwork
552,2025-05-28 22:54:17.970256,1191,Swiggy
552,2025-02-02 13:09:43.043669,1344,Uber
554,2025-04-19 02:05:12.680869,1315,Swiggy
554,2025-03-15 12:02:12.773449,2700,Upwork
554,2024-12-10 10:32:44.464983,4668,Fiverr
554,2025-01-13 18:31:47.388307,1067,Fiverr
556,2025-01-02 06:33:39.308723,3726,Fiverr
557,2025-02-07 15:10:41.175946,4354,Upwork
559,2025-02-15 16:45:16.951842,545,Fiverr
559,2025-01-28 15:02:03.875257,1649,Swiggy
559,2025-01-12 00:42:16.991801,1382,Fiverr
559,2025-03-28 17:41:37.190782,3248,Fiverr
560,2024-12-24 18:18:24.916738,1978,Upwork
562,2025-03-23 01:38:36.504523,2456,Swiggy
565,2025-03-27 12:02:51.192367,1226,Fiverr
565,2025-02-25 03:27:03.368889,1095,Uber
565,2025-02-18 11:15:01.951879,4505,Swiggy
568,2025-05-13 04:23:13.148187,4791,Swiggy
568,2025-03-25 14:38:14.895325,4334,Fiverr
568,2025-01-10 01:20:48.779987,1622,Uber
568,2025-05-23 15:07:58.457689,2023,Upwork
569,2024-12-20 09:19:23.448945,1547,Uber
569,2025-05-19 16:29:04.151986,4859,Swiggy
569,2025-03-16 19:43:27.710598,4134,Uber
569,2025-04-20 21:29:31.506345,2690,Fiverr
570,2025-03-20 19:41:26.070237,1718,Swiggy
571,2025-04-28 09:16:44.373883,911,Swiggy
571,2025-04-07 17:04:04.807464,3797,Fiverr
572,2025-03-02 06:26:16.782158,2868,Swiggy
573,2025-02-20 21:22:06.881706,4940,Fiverr
573,2025-04-28 07:24:51.886484,1866,Fiverr
573,2025-05-05 23:59:38.778296,1158,Fiverr
575,2025-03-01 21:36:32.039168,2875,Swiggy
575,2025-05-05 09:00:16.418441,3610,Fiverr
576,2025-05-20 08:45:52.479066,4147,Swiggy
578,2025-04-15 06:47:16.731513,784,Uber
578,2025-02-07 07:56:16.113099,3363,Fiverr
578,2024-12-10 11:42:41.930223,4692,Swiggy
578,2024-12-26 23:28:55.519397,4943,Uber
579,2025-01-03 22:20:35.569656,4395,Uber
580,2025-05-29 09:13:37.134196,1423,Swiggy
580,2025-02-01 22:30:36.151789,984,Upwork
583,2025-02-18 14:05:42.367755,4889,Fiverr
583,2025-01-10 04:06:50.065344,1433,Fiverr
583,2025-04-08 01:41:21.939640,4037,Uber
583,2025-02-21 08:05:21.585305,2241,Uber
584,2024-12-06 20:37:15.996222,2542,Upwork
587,2025-01-24 05:47:54.450232,2753,Uber
587,2025-01-05 01:18:11.052479,4411,Fiverr
588,2025-03-21 09:34:02.723985,4827,Upwork
588,2024-12-29 14:52:43.358069,3435,Uber
588,2025-03-06 04:59:28.651781,4233,Uber
589,2025-04-26 14:51:41.148951,1355,Upwork
589,2025-02-07 02:28:38.001735,4143,Upwork
589,2025-02-23 08:05:54.033681,3690,Uber
590,2025-03-05 19:06:12.463022,3887,Uber
590,2025-03-01 03:05:22.988243,1952,Uber
590,2025-05-03 04:22:21.932060,4318,Upwork
590,2025-02-13 04:27:34.806006,2866,Swiggy
591,2024-12-23 14:28:13.557030,4645,Fiverr
591,2024-12-14 01:02:23.218424,599,Fiverr
591,2025-05-26 18:37:52.155006,1132,Upwork
592,2025-01-06 23:33:40.653825,4246,Upwork
592,2025-05-27 10:21:25.962236,4129,Upwork
593,2025-05-30 20:10:28.992961,4429,Uber
594,2025-05-11 09:15:26.719208,4827,Fiverr
595,2025-01-29 16:07:33.544801,2131,Upwork
595,2024-12-12 09:42:45.596782,4239,Upwork
595,2025-02-07 06:39:25.776539,3772,Fiverr
596,2025-03-14 08:35:41.953202,4842,Uber
596,2025-01-08 22:02:22.177229,1183,Upwork
597,2024-12-24 13:37:24.174062,3368,Uber
598,2025-06-01 04:55:14.594542,2392,Upwork
599,2025-02-17 06:32:42.252023,4995,Upwork
599,2025-01-31 21:54:26.791177,2144,Uber
599,2025-05-24 07:03:30.439950,4206,Upwork
600,2025-05-10 05:25:19.167033,2995,Swiggy
600,2025-01-08 12:16:26.909980,4383,Upwork
601,2025-03-02 13:29:03.743252,4897,Upwork
601,2025-05-24 02:25:13.922648,1350,Swiggy
602,2025-02-18 04:32:32.958952,4769,Upwork
602,2024-12-12 05:09:24.600953,1073,Swiggy
603,2025-05-03 08:58:34.128085,4599,Swiggy
604,2025-05-19 19:39:10.533123,562,Swiggy
604,2024-12-08 02:15:40.257406,3677,Swiggy
604,2024-12-07 01:53:38.469414,3006,Fiverr
604,2025-02-21 08:12:36.580651,4390,Swiggy
605,2025-06-01 03:56:10.945071,1243,Upwork
605,2025-02-01 02:37:43.571336,3213,Swiggy
606,2025-02-10 01:04:17.078488,3042,Swiggy
606,2024-12-29 00:10:58.136599,3254,Swiggy
606,2025-02-03 08:19:52.074359,4480,Fiverr
606,2024-12-26 09:53:18.288852,1570,Fiverr
607,2025-04-17 20:08:11.615204,3485,Fiverr
607,2025-01-11 03:02:12.466659,3790,Fiverr
608,2025-05-03 05:09:44.895456,4694,Swiggy
608,2025-02-03 12:08:47.363715,3530,Swiggy
609,2025-04-01 04:32:19.411031,2242,Uber
609,2025-05-15 06:38:20.901595,886,Swiggy
609,2024-12-15 02:20:34.138304,2369,Upwork
610,2025-05-05 21:28:07.593502,3553,Uber
611,2024-12-19 14:02:55.211848,2405,Swiggy
611,2025-01-07 12:47:19.201032,705,Swiggy
611,2024-12-28 01:47:23.605929,680,Upwork
612,2025-04-28 16:48:01.536871,3663,Uber
612,2025-04-18 10:53:24.092061,4991,Fiverr
613,2025-02-15 03:22:52.678309,2917,Uber
613,2025-03-28 00:28:25.610455,1716,Upwork
614,2024-12-22 12:58:10.990857,4976,Fiverr
615,2025-02-08 17:13:40.714664,3746,Upwork
615,2025-05-30 20:02:14.320339,4885,Swiggy
615,2025-04-19 17:08:40.305378,3061,Upwork
615,2024-12-30 11:56:08.679533,2399,Fiverr
616,2024-12-31 08:36:29.724164,2701,Fiverr
617,2025-03-27 17:09:12.206659,4067,Uber
617,2025-01-09 21:21:39.696178,1419,Fiverr
617,2024-12-20 12:27:06.424870,3311,Swiggy
617,2025-01-21 08:24:07.771940,4776,Upwork
618,2025-03-23 14:04:36.900456,3706,Upwork
619,2025-01-08 22:26:40.655501,751,Swiggy
619,2025-01-27 07:07:12.527345,3976,Swiggy
620,2024-12-04 01:51:05.145668,2633,Swiggy
620,2025-02-02 15:38:12.469314,2159,Fiverr
620,2025-04-12 16:26:30.167130,1440,Upwork
621,2025-01-10 15:36:05.339517,3834,Upwork
621,2025-01-08 21:21:41.521702,586,Fiverr
621,2025-02-09 13:42:44.074997,2981,Swiggy
622,2025-03-07 01:45:54.497021,2433,Upwork
622,2024-12-04 07:20:32.544273,4678,Fiverr
623,2025-03-26 08:00:40.403289,873,Swiggy
623,2025-04-06 02:34:53.739989,1678,Uber
623,2025-03-15 19:40:56.719765,3663,Fiverr
625,2025-03-17 03:49:54.271491,3661,Upwork
625,2024-12-12 02:38:34.813974,4725,Swiggy
625,2025-03-22 21:09:42.019346,1125,Fiverr
626,2025-03-19 15:54:18.462422,2938,Upwork
626,2025-01-02 14:15:09.309978,4098,Swiggy
627,2025-01-01 19:59:57.545876,3849,Fiverr
628,2025-04-25 07:32:04.159326,3770,Upwork
628,2025-03-07 20:16:22.369101,2388,Upwork
629,2024-12-10 20:08:27.589903,1607,Fiverr
630,2025-01-22 15:26:41.084170,2066,Swiggy
630,2025-04-04 05:21:54.724962,1711,Uber
631,2025-05-09 02:49:11.371485,4447,Upwork
631,2025-02-08 19:01:59.485198,2119,Fiverr
632,2025-03-04 08:25:31.196851,1059,Swiggy
632,2025-05-31 08:43:09.603483,2818,Swiggy
634,2025-04-10 13:19:02.621316,4679,Fiverr
634,2025-05-27 03:00:07.630759,2661,Swiggy
634,2025-01-31 17:11:53.748744,3843,Fiverr
635,2025-05-10 04:31:59.697396,3356,Upwork
635,2025-05-09 17:31:34.230106,4490,Uber
636,2025-04-14 09:54:57.104653,670,Upwork
638,2025-01-20 21:14:04.755104,550,Fiverr
638,2025-04-26 21:08:06.908255,3667,Swiggy
639,2025-04-15 10:31:25.788748,2549,Uber
639,2025-05-23 09:36:37.914442,541,Swiggy
639,2025-01-29 23:04:07.864599,613,Uber
639,2025-02-09 06:17:35.375900,2616,Uber
640,2025-03-05 10:30:09.564644,4688,Uber
640,2025-03-31 16:54:21.734487,655,Swiggy
640,2025-02-12 05:11:07.660428,4746,Swiggy
640,2025-01-26 09:04:32.657223,1573,Swiggy
641,2024-12-29 00:04:48.216532,980,Uber
641,2025-03-24 03:21:55.814695,3413,Fiverr
641,2025-03-09 17:03:37.804581,3155,Uber
642,2025-05-20 00:41:06.518396,1110,Fiverr
642,2025-04-12 01:12:11.510878,544,Swiggy
642,2025-02-04 05:57:37.151596,858,Swiggy
642,2025-05-12 13:56:01.727500,1752,Swiggy
643,2024-12-30 17:36:57.215994,3710,Fiverr
643,2025-03-14 21:58:17.751199,4135,Upwork
643,2025-04-12 22:04:38.600822,595,Uber
643,2025-02-13 10:42:48.235906,4738,Fiverr
644,2025-02-03 21:56:48.976149,4227,Uber
646,2024-12-22 11:43:43.445810,540,Uber
646,2025-01-13 18:20:48.505876,4887,Upwork
647,2025-05-02 07:41:34.235893,1294,Upwork
647,2025-03-10 11:04:59.210742,2429,Swiggy
647,2025-05-28 00:26:53.862670,4667,Upwork
647,2025-05-14 13:37:30.677778,2561,Swiggy
648,2025-04-15 17:42:43.078915,997,Swiggy
648,2025-04-13 00:29:38.712774,2210,Upwork
650,2025-04-04 00:34:19.460793,4839,Upwork
650,2024-12-30 21:35:35.426004,3047,Upwork
651,2025-04-01 06:41:58.801440,2701,Fiverr
651,2025-03-27 01:37:52.289864,2470,Swiggy
651,2025-02-03 06:41:18.691839,1352,Uber
652,2025-01-23 15:40:39.534691,911,Uber
652,2025-01-18 23:21:10.648385,2167,Swiggy
653,2024-12-09 00:50:32.304219,546,Swiggy
655,2025-01-16 16:54:45.606383,800,Swiggy
655,2025-01-21 13:37:01.109795,3938,Upwork
655,2025-03-27 20:37:20.604162,563,Swiggy
655,2025-04-29 11:54:33.780222,870,Upwork
656,2025-05-23 01:02:41.702892,1926,Swiggy
656,2025-02-11 03:25:03.909554,4135,Fiverr
656,2025-03-29 18:10:16.121587,2284,Uber
657,2024-12-16 10:31:06.992283,3583,Upwork
657,2025-04-10 22:04:09.650187,3301,Swiggy
657,2025-05-18 03:34:38.884771,1113,Swiggy
658,2025-01-05 09:50:32.014727,825,Fiverr
658,2024-12-24 17:03:22.167737,3968,Swiggy
658,2025-05-21 23:33:47.089106,2078,Upwork
659,2025-02-02 08:42:26.326432,3396,Fiverr
659,2024-12-22 21:18:57.613557,2245,Uber
659,2025-03-15 14:35:01.512538,1178,Swiggy
659,2024-12-15 02:21:03.367959,3318,Uber
660,2025-03-13 17:21:26.704378,1920,Swiggy
660,2025-02-24 13:50:18.024379,2467,Uber
661,2025-03-10 18:18:53.849215,2653,Upwork
661,2025-04-17 01:34:25.579728,655,Swiggy
662,2025-01-22 07:49:25.973803,1048,Swiggy
662,2025-05-23 12:51:06.656396,1093,Fiverr
662,2025-05-26 00:43:15.293911,4742,Fiverr
663,2025-04-11 17:44:18.935395,3795,Upwork
663,2025-05-08 05:34:28.208404,3978,Fiverr
663,2025-04-15 00:28:48.747263,849,Upwork
664,2025-04-23 03:04:27.783713,4235,Swiggy
664,2025-01-19 09:46:29.247506,2621,Uber
664,2025-03-12 02:33:41.549642,3609,Upwork
664,2025-05-02 03:22:27.428151,2947,Swiggy
666,2024-12-09 14:19:57.027167,2065,Fiverr
668,2025-04-03 20:57:48.167375,1730,Uber
668,2025-04-05 07:16:21.597368,513,Swiggy
668,2025-01-12 08:57:10.417726,2076,Swiggy
668,2025-01-01 21:09:00.322659,3548,Swiggy
669,2025-02-21 17:54:45.690244,2588,Uber
669,2025-01-18 03:22:03.589826,4061,Swiggy
669,2025-05-16 14:01:59.496017,1270,Uber
669,2025-03-09 10:45:47.161698,3769,Upwork
670,2025-02-07 02:31:02.573352,3495,Fiverr
671,2025-05-11 05:15:33.340789,3081,Uber
672,2025-03-22 12:13:31.393124,2878,Uber
673,2024-12-23 10:10:36.834758,4707,Swiggy
673,2025-04-15 05:26:59.985849,2857,Uber
673,2025-01-17 17:09:58.160300,1827,Uber
674,2025-05-02 19:30:06.388061,2376,Fiverr
674,2025-05-28 15:50:56.868885,1263,Swiggy
674,2025-05-24 22:05:23.909995,784,Uber
674,2025-02-10 08:24:16.465898,3256,Swiggy
676,2025-01-27 05:43:29.838285,1138,Uber
676,2025-05-27 22:30:03.622207,3205,Upwork
676,2024-12-24 03:31:12.458992,4528,Upwork
677,2025-03-07 05:29:54.907043,1431,Fiverr
677,2025-04-21 11:19:54.199647,4303,Upwork
681,2024-12-25 11:33:11.879429,3223,Uber
683,2025-02-09 02:51:49.654764,3199,Uber
683,2024-12-20 19:02:51.078501,820,Swiggy
683,2025-05-30 16:08:04.018512,1329,Uber
683,2025-05-15 02:41:12.457586,3387,Upwork
684,2024-12-16 14:30:28.367177,1064,Uber
684,2025-04-04 06:31:22.832203,788,Swiggy
685,2025-04-24 21:42:19.081833,1142,Upwork
685,2025-04-10 09:44:45.182349,2753,Uber
685,2025-02-07 13:33:23.389158,3395,Uber
685,2024-12-24 21:42:03.802577,4151,Swiggy
686,2025-03-28 08:30:03.530127,850,Uber
686,2024-12-23 07:29:53.788204,4251,Upwork
686,2025-03-28 03:59:36.541786,3801,Fiverr
686,2025-05-29 01:16:14.481511,1393,Uber
687,2025-05-03 07:24:24.962318,3617,Uber
687,2024-12-22 00:42:38.560279,4700,Fiverr
688,2025-05-19 02:44:21.843184,2806,Upwork
689,2025-02-05 20:27:14.795489,3574,Fiverr
690,2025-03-24 15:54:47.510996,3068,Swiggy
690,2025-04-17 21:13:16.987916,2147,Swiggy
690,2025-02-24 20:58:05.477837,4117,Upwork
691,2025-02-20 08:09:23.785477,1368,Swiggy
691,2024-12-27 07:07:17.559987,2448,Fiverr
692,2024-12-21 19:58:13.560876,2441,Swiggy
693,2025-04-30 03:34:23.832941,4185,Fiverr
693,2024-12-30 07:49:41.675635,1807,Uber
693,2024-12-27 19:43:31.612299,4778,Fiverr
694,2024-12-15 23:31:12.069203,2285,Uber
694,2025-03-22 14:17:13.379220,2691,Upwork
696,2025-01-19 18:23:40.848639,4764,Swiggy
696,2024-12-07 00:04:00.697818,3176,Fiverr
696,2025-04-14 15:30:02.184426,548,Swiggy
696,2025-04-06 06:13:08.148721,2498,Swiggy
697,2025-04-19 17:39:33.961858,886,Upwork
697,2025-02-27 20:20:19.001776,4753,Swiggy
698,2025-05-30 07:26:20.981857,2288,Fiverr
698,2025-02-18 22:23:23.647791,4278,Swiggy
698,2024-12-15 22:15:11.245553,3965,Swiggy
698,2025-02-05 07:49:44.641349,1974,Upwork
699,2025-01-22 09:44:35.455318,3971,Fiverr
699,2025-05-23 10:45:54.910294,4534,Upwork
700,2025-04-12 07:02:12.276304,3968,Upwork
700,2025-04-19 16:04:44.446410,4305,Upwork
700,2025-04-18 09:22:29.836573,1075,Upwork
700,2025-05-12 08:04:30.802376,2782,Swiggy
701,2025-04-29 06:30:51.235593,4857,Uber
701,2025-04-28 16:50:26.729285,4257,Upwork
701,2025-01-14 09:56:19.148052,2410,Uber
701,2025-04-26 05:07:24.716603,769,Swiggy
703,2025-03-27 13:27:29.486986,874,Swiggy
704,2025-03-05 05:47:33.372023,2779,Upwork
704,2025-02-06 07:43:31.712550,2160,Swiggy
704,2025-01-30 08:32:37.193361,3487,Fiverr
705,2025-01-31 23:26:56.692962,1963,Upwork
705,2025-04-23 23:40:48.933161,4447,Swiggy
705,2025-04-29 05:36:34.242524,3264,Fiverr
707,2025-03-12 16:42:51.500146,3065,Fiverr
708,2025-01-10 14:49:38.988798,4741,Swiggy
708,2024-12-16 05:03:17.128724,4841,Upwork
708,2024-12-16 11:16:27.812973,717,Uber
708,2025-05-02 01:49:52.755972,1845,Swiggy
709,2025-04-20 11:58:43.207304,4406,Swiggy
709,2025-02-25 11:06:09.739088,4009,Upwork
709,2024-12-11 22:42:46.057669,775,Swiggy
709,2024-12-27 21:47:32.405296,4589,Fiverr
710,2025-04-24 15:49:35.305350,4637,Upwork
710,2025-04-28 04:29:16.275366,3891,Swiggy
710,2025-04-06 15:44:48.455077,3470,Swiggy
710,2024-12-24 21:29:06.027663,3722,Fiverr
712,2025-01-07 12:57:18.550335,3765,Uber
712,2025-03-10 11:47:22.708108,2610,Upwork
712,2025-01-11 21:46:10.086498,2763,Uber
712,2025-04-11 21:00:08.377522,2025,Swiggy
713,2025-01-03 01:23:13.875435,2110,Swiggy
713,2025-06-01 16:23:13.151122,4273,Swiggy
714,2025-01-21 06:47:20.027024,3389,Fiverr
714,2025-03-31 22:59:27.320267,4444,Fiverr
714,2024-12-21 00:11:24.161335,3169,Uber
714,2025-01-18 07:34:26.564873,862,Upwork
715,2025-04-20 20:13:20.235542,3572,Fiverr
716,2025-03-04 13:10:00.394060,571,Fiverr
716,2025-04-30 01:15:49.994984,3796,Uber
716,2025-03-06 05:08:46.384852,2195,Upwork
716,2025-04-09 02:56:03.072949,513,Upwork
717,2025-01-22 13:43:53.880332,815,Swiggy
718,2025-02-19 21:23:07.206445,776,Upwork
719,2025-05-28 00:29:30.234748,892,Upwork
719,2024-12-31 15:49:44.081463,1015,Uber
719,2024-12-04 03:14:42.729412,3453,Swiggy
721,2025-05-09 04:02:38.370246,4426,Upwork
721,2025-03-02 22:49:31.007608,3788,Uber
721,2025-01-11 23:28:04.649559,4470,Swiggy
721,2025-05-07 21:39:31.466290,1121,Fiverr
722,2025-03-05 03:48:19.095465,3753,Upwork
722,2024-12-31 15:27:34.748270,3164,Swiggy
723,2024-12-06 14:04:15.575624,4020,Fiverr
724,2024-12-07 21:05:59.845222,3861,Upwork
724,2025-01-30 16:39:41.522280,4773,Swiggy
725,2025-05-12 22:47:59.739355,4022,Swiggy
725,2025-04-11 20:26:43.387400,4792,Swiggy
726,2025-01-07 21:50:04.454995,3345,Uber
726,2025-05-19 20:04:33.100964,3973,Uber
727,2025-02-25 20:36:44.796012,4168,Swiggy
727,2025-05-12 00:43:47.759257,4066,Uber
728,2025-06-03 03:56:07.601414,737,Upwork
728,2025-05-06 03:42:15.866680,4448,Swiggy
729,2025-02-24 17:45:52.525123,1791,Swiggy
729,2025-05-08 15:12:45.529861,4432,Upwork
729,2025-05-19 06:08:36.524144,2132,Uber
731,2024-12-22 10:47:08.634265,1810,Upwork
731,2025-05-10 21:59:01.599506,1229,Swiggy
731,2025-05-26 02:06:03.252767,2092,Fiverr
732,2025-04-11 07:24:00.883110,3156,Swiggy
732,2025-01-31 05:44:07.712337,2993,Swiggy
732,2025-04-05 14:39:51.732165,867,Fiverr
732,2025-03-29 23:01:17.306772,4227,Uber
733,2025-02-03 21:27:46.281285,3454,Upwork
733,2024-12-29 19:01:13.812014,2869,Uber
733,2025-01-14 12:59:14.603533,1183,Uber
735,2025-02-25 01:56:00.523854,2476,Swiggy
737,2025-01-22 10:09:06.745017,3367,Uber
737,2024-12-31 00:42:03.169994,1284,Fiverr
738,2025-01-07 10:54:46.399550,4185,Fiverr
739,2024-12-26 18:14:05.076586,1808,Swiggy
740,2025-05-28 22:51:04.959257,855,Uber
740,2025-05-23 16:22:31.540687,3856,Swiggy
740,2025-04-12 21:19:45.421969,3359,Fiverr
740,2025-05-08 18:36:57.933374,3820,Upwork
742,2025-03-28 10:06:48.695374,3450,Fiverr
742,2025-02-09 14:34:20.811740,4460,Fiverr
742,2025-05-23 10:10:50.240909,2536,Upwork
742,2025-05-11 07:57:42.074710,4043,Swiggy
743,2025-01-15 10:07:19.371036,1607,Fiverr
743,2025-03-31 14:11:01.910835,3004,Fiverr
743,2024-12-13 13:33:55.077667,3329,Swiggy
743,2025-01-31 14:20:48.393733,4554,Uber
744,2025-02-23 09:48:27.434039,3156,Upwork
744,2025-01-04 23:41:42.759413,1736,Fiverr
744,2025-02-02 15:05:40.910561,2028,Upwork
744,2024-12-29 05:24:51.801657,1675,Swiggy
745,2024-12-22 05:46:51.739729,2750,Fiverr
746,2025-04-26 00:25:19.531095,4673,Upwork
747,2025-04-23 16:14:16.634023,3201,Fiverr
747,2025-05-20 18:28:52.734390,676,Swiggy
749,2025-02-11 00:57:26.812657,2250,Uber
749,2025-02-25 13:47:31.992115,2113,Fiverr
749,2025-05-31 01:35:43.168375,1288,Swiggy
751,2025-04-07 09:22:49.913187,4649,Uber
751,2025-02-28 07:40:24.186867,1398,Fiverr
752,2024-12-25 19:42:54.451094,4716,Uber
752,2025-05-13 07:31:53.562797,4950,Fiverr
752,2025-05-17 22:03:16.528217,4742,Uber
752,2024-12-04 17:59:58.064877,2728,Fiverr
753,2025-01-05 18:19:56.619298,3025,Upwork
755,2025-05-22 10:31:04.030812,3835,Fiverr
755,2025-03-05 10:12:35.304337,560,Swiggy
755,2025-05-17 08:10:49.853790,2632,Upwork
756,2025-04-26 00:52:57.870062,1312,Swiggy
756,2025-03-22 05:49:22.387259,1601,Uber
756,2025-01-14 13:43:09.955087,4022,Swiggy
757,2025-04-29 19:46:40.298466,1837,Uber
757,2025-02-16 17:47:12.708873,3354,Upwork
757,2025-05-06 19:53:40.320643,2394,Upwork
757,2025-05-30 04:24:51.484103,4548,Swiggy
758,2025-04-04 13:22:06.244117,1058,Swiggy
758,2025-05-14 20:54:11.191591,2819,Swiggy
758,2025-02-04 18:03:55.563715,2673,Fiverr
759,2025-03-29 14:49:39.122341,1094,Upwork
759,2025-01-25 03:21:54.063929,3677,Fiverr
759,2025-04-02 10:17:56.998083,584,Upwork
759,2025-03-31 18:20:31.583314,4251,Fiverr
760,2025-04-25 06:41:27.324507,4882,Fiverr
761,2024-12-04 23:40:54.520491,763,Uber
761,2025-05-26 22:37:08.369221,2100,Upwork
762,2025-03-31 13:11:36.789989,2981,Fiverr
763,2025-02-19 12:50:52.554528,4294,Uber
763,2025-04-07 11:23:02.819902,2197,Swiggy
763,2025-03-18 09:43:19.441365,918,Upwork
764,2025-03-01 04:16:21.884701,848,Upwork
764,2025-05-30 12:17:21.309656,523,Fiverr
764,2025-02-15 15:22:02.989318,1620,Fiverr
765,2025-02-05 05:40:02.721614,2118,Upwork
766,2024-12-05 02:13:56.268375,2733,Uber
766,2024-12-19 19:48:13.363586,1724,Fiverr
768,2025-02-13 10:07:35.231924,4750,Swiggy
770,2025-01-01 07:26:19.379170,3191,Uber
770,2025-04-08 00:02:43.775436,651,Uber
770,2025-03-07 06:19:21.258848,2537,Uber
771,2025-01-03 08:39:46.351022,3961,Uber
771,2025-02-01 10:18:49.019842,3068,Upwork
771,2025-05-15 07:14:39.162483,2661,Upwork
771,2024-12-09 17:33:29.810003,3118,Uber
772,2025-04-18 09:47:24.046619,4569,Swiggy
773,2025-03-10 02:12:14.635260,2082,Fiverr
773,2025-01-17 20:40:26.127628,2260,Swiggy
773,2024-12-26 17:54:47.634847,4404,Upwork
773,2025-01-15 02:36:28.663238,3780,Upwork
774,2024-12-20 04:12:54.334095,4338,Fiverr
774,2025-04-15 07:17:55.806625,547,Fiverr
774,2025-03-07 00:06:38.560217,1125,Upwork
775,2025-02-28 05:36:44.783414,1283,Uber
775,2025-01-20 06:33:53.698564,4185,Fiverr
775,2025-01-31 14:34:45.780686,4752,Upwork
775,2025-02-19 06:15:23.265957,2637,Fiverr
776,2025-02-27 10:38:19.141836,4465,Fiverr
776,2025-05-09 15:22:04.580573,4662,Upwork
777,2025-05-03 05:13:38.321110,4939,Fiverr
778,2025-01-24 21:29:05.312143,3929,Upwork
778,2024-12-14 14:38:08.168919,2223,Fiverr
778,2025-05-31 13:14:32.650518,3374,Swiggy
778,2025-01-15 08:57:13.079489,955,Upwork
779,2025-03-09 20:32:05.508774,3895,Fiverr
779,2025-03-29 23:48:47.877174,1062,Swiggy
780,2024-12-17 23:20:54.734802,1853,Uber
780,2025-01-15 05:51:17.919497,2433,Fiverr
780,2025-05-24 23:16:37.062974,4774,Swiggy
781,2025-01-10 10:40:32.407154,2440,Fiverr
781,2025-05-31 09:48:19.918274,1757,Upwork
781,2024-12-24 00:04:23.507367,3297,Uber
782,2024-12-18 03:54:37.248559,4088,Upwork
782,2025-02-21 23:11:39.625756,3739,Upwork
783,2025-03-24 07:37:21.313732,1281,Fiverr
785,2025-03-27 10:52:02.478144,2536,Uber
785,2025-02-27 13:27:49.352046,3306,Upwork
787,2025-02-21 03:13:52.793163,3253,Swiggy
787,2025-02-09 02:41:15.611437,3097,Swiggy
788,2025-02-21 02:20:25.730344,4034,Upwork
788,2024-12-05 02:14:57.867722,570,Fiverr
788,2025-01-18 23:44:13.030747,3406,Fiverr
788,2025-05-25 03:37:55.853321,2268,Upwork
789,2025-03-11 15:18:18.936163,4441,Fiverr
789,2025-03-08 16:09:36.808461,3288,Upwork
789,2024-12-27 12:51:46.620442,3253,Uber
789,2025-01-14 19:46:05.900498,605,Swiggy
790,2025-05-19 07:35:48.349580,2102,Uber
790,2025-03-10 08:06:27.719904,1392,Uber
790,2025-03-24 00:19:26.704528,2921,Uber
791,2025-02-03 14:38:19.039104,2702,Fiverr
791,2025-02-13 19:16:29.148510,3008,Swiggy
792,2025-03-12 18:36:05.809027,3758,Upwork
792,2025-03-19 14:15:42.522607,585,Uber
792,2024-12-14 23:55:06.749792,1992,Swiggy
792,2024-12-24 09:35:05.167089,880,Fiverr
793,2024-12-15 16:35:51.693676,3162,Upwork
794,2025-01-31 07:24:55.848809,3317,Fiverr
794,2024-12-14 23:11:13.780263,2566,Swiggy
794,2025-04-22 05:15:01.925324,948,Uber
795,2025-04-13 09:13:12.908192,1685,Fiverr
795,2025-02-25 16:17:11.365821,4908,Swiggy
796,2025-05-05 23:20:03.022533,4283,Swiggy
796,2025-05-07 03:25:09.364710,988,Swiggy
796,2025-02-19 03:02:22.861430,1435,Upwork
798,2024-12-16 00:54:53.512208,4039,Fiverr
798,2025-05-18 17:07:59.949666,4365,Uber
798,2025-04-17 14:36:44.517047,926,Uber
799,2024-12-03 15:46:31.933512,3463,Fiverr
799,2025-02-18 07:37:31.062330,3841,Swiggy
799,2025-02-21 17:51:08.709345,2473,Uber
800,2025-05-05 16:05:42.159732,4955,Uber
801,2025-01-25 14:55:18.196818,622,Uber
801,2025-01-25 17:44:24.388154,547,Fiverr
802,2025-03-17 07:00:22.317803,3737,Upwork
802,2024-12-27 08:50:31.855653,3534,Uber
802,2025-05-27 17:07:08.976915,4532,Swiggy
802,2025-03-20 02:18:09.079877,2820,Upwork
805,2024-12-04 05:22:30.159441,1825,Upwork
806,2025-01-31 19:48:33.923657,1416,Uber
806,2024-12-17 19:53:53.427679,1395,Upwork
806,2025-05-18 00:51:30.979609,1046,Uber
806,2025-02-23 08:14:38.353105,2429,Fiverr
807,2025-02-27 10:28:21.618171,4454,Uber
807,2025-04-25 02:51:16.835911,1785,Uber
807,2025-01-28 17:57:37.159096,3848,Swiggy
807,2025-02-23 16:59:04.879107,1050,Swiggy
808,2025-04-28 03:39:20.930382,512,Uber
808,2025-02-19 19:40:28.399734,3100,Uber
811,2025-04-13 21:08:48.835895,3232,Uber
813,2025-04-30 19:40:25.324011,2608,Fiverr
814,2025-03-27 20:28:36.941208,1899,Uber
814,2025-02-01 20:00:38.795997,1409,Upwork
814,2024-12-09 11:59:36.557608,1945,Swiggy
815,2025-02-22 21:10:14.728290,4069,Upwork
816,2024-12-12 21:24:20.650725,810,Upwork
816,2025-05-29 20:03:09.349978,3675,Fiverr
816,2024-12-04 23:57:37.063848,2412,Uber
816,2025-03-03 16:23:59.041533,1077,Uber
817,2025-05-13 06:35:26.951125,4306,Uber
817,2025-01-04 20:34:20.446298,4364,Fiverr
817,2025-05-09 13:49:28.600519,788,Fiverr
817,2025-03-23 05:32:12.905832,3594,Fiverr
819,2025-05-15 13:29:57.983939,4792,Swiggy
820,2024-12-04 20:48:21.036275,1334,Swiggy
820,2025-04-23 00:35:44.450560,3441,Upwork
820,2024-12-08 21:10:01.730703,3481,Uber
820,2024-12-03 16:42:40.080689,2664,Upwork
821,2024-12-18 06:30:51.666907,582,Upwork
822,2025-04-29 19:22:32.128977,1635,Upwork
823,2025-01-21 15:44:38.141557,1101,Uber
823,2025-02-21 18:10:20.482555,3111,Fiverr
824,2025-02-10 01:39:58.042748,1062,Uber
824,2025-01-25 13:05:50.843512,3484,Uber
825,2025-05-20 19:18:14.919532,1962,Uber
826,2025-01-01 16:03:14.224751,2329,Upwork
826,2025-05-04 12:02:53.291603,4371,Fiverr
826,2024-12-07 22:40:05.873972,3020,Swiggy
827,2025-04-11 20:49:32.789135,2134,Swiggy
827,2025-03-31 21:10:53.586148,4590,Upwork
827,2025-02-12 08:21:09.744011,1570,Swiggy
827,2025-01-18 21:47:05.645674,3736,Upwork
828,2025-04-26 03:45:49.641351,2159,Uber
829,2025-05-01 20:17:01.191307,3453,Upwork
829,2025-02-25 02:00:42.559631,4698,Upwork
829,2025-01-17 23:34:02.432697,2594,Swiggy
829,2025-04-18 13:53:12.871685,1764,Fiverr
830,2025-06-02 06:36:42.263509,3918,Uber
830,2024-12-22 21:21:30.577170,4801,Fiverr
830,2025-02-13 18:00:18.695137,4121,Fiverr
831,2025-04-24 12:41:42.788810,3113,Swiggy
833,2025-04-03 13:57:47.178099,948,Upwork
833,2025-05-24 15:45:39.491071,796,Uber
834,2024-12-22 07:19:43.894626,568,Swiggy
834,2025-04-15 18:48:39.293233,3377,Swiggy
835,2025-01-18 17:11:53.110946,3395,Uber
835,2025-01-07 03:15:24.669120,2158,Swiggy
835,2025-02-24 22:57:35.514590,3846,Upwork
835,2025-04-17 12:26:16.398520,4944,Uber
836,2025-03-04 20:57:43.458882,2952,Uber
836,2025-06-03 06:25:12.352768,2765,Uber
836,2025-01-28 19:15:01.242032,854,Uber
837,2025-02-20 10:25:08.817857,872,Fiverr
838,2025-03-20 12:20:36.582017,4496,Uber
839,2025-01-25 06:56:00.700891,3803,Upwork
840,2025-01-24 19:32:22.854453,1379,Upwork
840,2025-04-13 19:29:40.094770,1970,Fiverr
840,2025-01-24 06:20:33.287480,2713,Swiggy
841,2025-02-10 21:21:44.511199,3601,Upwork
841,2025-04-26 21:24:27.588828,2039,Uber
842,2025-03-28 07:09:16.191542,1225,Fiverr
842,2025-01-29 14:26:28.165922,2923,Upwork
844,2024-12-03 05:54:30.259493,1873,Upwork
844,2025-02-12 17:37:31.619431,2384,Upwork
846,2025-04-01 04:53:02.492905,1903,Uber
846,2025-05-09 19:04:29.630801,1016,Fiverr
847,2025-04-21 18:04:19.285224,2849,Fiverr
849,2024-12-10 19:50:43.351565,4032,Uber
849,2025-01-22 20:52:38.270973,2494,Upwork
850,2024-12-05 07:20:56.512952,4339,Fiverr
850,2025-03-11 06:01:24.797471,2345,Uber
851,2025-06-02 12:53:31.729229,4556,Fiverr
853,2025-05-12 12:21:01.748514,1791,Swiggy
853,2025-04-01 08:50:51.325261,1075,Upwork
853,2025-04-26 14:52:46.711100,2814,Upwork
853,2025-02-25 12:17:19.736490,1980,Upwork
854,2025-01-10 23:45:54.582227,3314,Swiggy
854,2025-05-24 23:23:09.649398,3811,Uber
855,2025-05-09 02:37:38.248980,3124,Upwork
855,2024-12-04 03:22:04.780233,3833,Fiverr
857,2024-12-21 19:26:27.382716,658,Swiggy
857,2025-04-28 17:20:38.157824,2108,Uber
857,2025-04-06 23:40:48.306598,1148,Upwork
857,2025-05-13 14:24:46.857554,3778,Fiverr
859,2025-02-20 10:59:01.872443,1279,Upwork
860,2025-01-04 16:10:09.450125,4257,Swiggy
860,2025-04-26 00:30:32.152361,3004,Fiverr
860,2025-04-28 14:52:16.336815,739,Upwork
860,2025-02-06 17:35:09.955244,1842,Swiggy
862,2024-12-04 23:16:22.241909,4821,Fiverr
862,2025-04-27 01:35:21.971521,1100,Swiggy
862,2025-01-31 04:23:45.351931,1596,Swiggy
862,2025-02-22 07:18:14.855638,2778,Uber
863,2025-01-29 07:16:12.544085,867,Upwork
863,2025-04-06 01:06:50.588938,2208,Fiverr
863,2025-03-11 07:15:42.524339,1174,Upwork
864,2025-01-18 22:48:51.882353,4174,Upwork
864,2025-03-01 07:37:40.518169,4722,Fiverr
865,2025-04-10 19:50:03.247555,3713,Uber
868,2025-03-23 10:28:11.323657,829,Upwork
868,2025-01-02 21:20:13.085439,2057,Swiggy
868,2025-01-02 08:53:54.493655,4624,Uber
869,2025-01-16 01:19:56.778800,2169,Swiggy
870,2024-12-15 23:13:11.876213,2672,Swiggy
870,2025-01-03 10:52:36.168236,3416,Upwork
870,2025-03-28 15:06:15.716994,3838,Fiverr
871,2025-02-07 05:32:46.859953,662,Swiggy
871,2025-03-18 10:31:13.878836,4413,Fiverr
871,2025-03-05 16:24:15.087842,4282,Swiggy
872,2024-12-23 01:10:10.595718,2498,Upwork
872,2025-05-22 05:01:06.958102,4010,Fiverr
872,2025-04-06 12:47:37.454896,3224,Upwork
872,2025-03-24 20:37:52.701457,2365,Uber
873,2024-12-05 03:15:02.490012,1444,Fiverr
873,2025-02-16 04:16:17.235673,2058,Fiverr
873,2025-02-19 05:25:21.452697,1564,Uber
873,2025-05-18 09:56:44.652995,3636,Upwork
874,2025-03-02 05:24:30.508885,929,Upwork
874,2025-01-29 02:51:48.455334,1796,Swiggy
875,2025-05-26 20:19:38.995510,4037,Swiggy
875,2025-05-14 04:04:38.103706,812,Upwork
875,2025-03-07 10:20:37.436691,4709,Fiverr
875,2025-01-31 08:14:20.796537,2950,Swiggy
876,2025-01-26 07:55:43.299558,532,Upwork
876,2024-12-27 12:04:10.020265,1839,Fiverr
876,2025-02-03 06:20:33.390406,1779,Swiggy
876,2024-12-24 18:04:55.940913,3698,Swiggy
877,2025-03-22 10:07:50.678535,4745,Fiverr
878,2025-04-15 05:56:49.522521,3969,Uber
878,2025-01-23 03:11:18.997749,4553,Swiggy
878,2025-02-17 01:43:27.648813,3059,Upwork
878,2025-05-10 15:06:04.975723,1002,Fiverr
879,2025-01-18 13:36:36.344698,3650,Uber
880,2025-03-21 20:46:42.800261,2034,Uber
880,2025-03-21 18:34:00.220437,3620,Uber
880,2025-01-13 15:03:55.593709,4251,Fiverr
881,2025-05-15 05:09:24.836629,3958,Upwork
881,2025-03-26 05:47:42.361994,598,Upwork
881,2025-04-06 06:48:54.743264,1766,Upwork
881,2025-02-21 10:44:09.884746,2681,Upwork
884,2025-01-19 06:54:46.422839,2072,Uber
884,2025-04-20 10:56:14.917377,2675,Uber
884,2025-02-06 21:03:24.639455,3086,Upwork
884,2025-05-18 09:25:52.018230,4826,Uber
886,2025-03-05 12:03:30.718959,4898,Upwork
886,2025-03-05 09:36:05.047080,2547,Uber
886,2025-02-27 01:20:13.130739,3534,Swiggy
886,2024-12-23 22:33:55.259932,1513,Fiverr
887,2025-03-18 04:31:51.799390,554,Upwork
887,2024-12-24 19:24:11.123454,4361,Uber
887,2025-04-05 13:24:36.283045,1872,Upwork
887,2025-04-09 20:17:02.215200,3944,Upwork
889,2025-02-03 06:23:14.775821,4698,Swiggy
889,2024-12-22 05:32:20.103372,1286,Uber
889,2025-01-13 04:42:31.394159,1814,Upwork
889,2024-12-22 06:12:40.468739,4641,Fiverr
890,2025-05-19 10:50:58.667307,4714,Fiverr
890,2025-05-11 14:25:54.011224,4943,Uber
890,2025-03-12 23:31:24.738695,2623,Uber
891,2025-02-08 12:31:59.567431,3001,Upwork
892,2024-12-15 10:59:00.233406,3787,Swiggy
894,2025-04-05 20:55:19.381383,3308,Uber
894,2025-03-31 06:27:08.532115,2128,Uber
894,2025-01-31 20:50:06.656290,3939,Uber
894,2025-02-27 07:10:30.435847,3355,Swiggy
895,2024-12-15 19:23:44.321938,1736,Swiggy
895,2024-12-14 13:01:12.277836,1237,Upwork
895,2025-02-18 21:18:40.095248,2014,Fiverr
895,2025-05-24 02:10:13.956130,4118,Upwork
896,2025-02-08 13:45:03.685155,1953,Fiverr
897,2025-01-30 20:53:11.184431,2985,Upwork
897,2025-03-13 09:45:31.706014,4780,Uber
898,2024-12-21 23:20:56.044764,887,Upwork
899,2025-01-17 02:50:24.970469,2489,Upwork
899,2025-03-20 08:18:33.233992,3572,Fiverr
899,2025-01-21 12:12:15.140537,4845,Fiverr
899,2025-05-14 04:55:22.213566,1182,Uber
900,2025-02-09 21:06:09.215334,1817,Uber
900,2025-04-27 19:48:50.469884,1811,Fiverr
901,2025-03-17 03:34:38.993615,4716,Upwork
901,2024-12-05 14:01:19.654115,4010,Upwork
902,2025-03-28 04:37:52.405824,4052,Upwork
903,2025-04-25 22:52:30.027846,1490,Uber
903,2024-12-17 14:50:59.045309,853,Fiverr
903,2025-03-16 22:19:43.321219,1812,Uber
903,2025-05-07 22:15:05.960535,2445,Swiggy
904,2025-03-12 00:48:53.548265,3208,Fiverr
905,2024-12-20 16:15:27.742237,4997,Swiggy
906,2025-04-16 14:27:54.354299,2499,Swiggy
906,2025-05-13 23:55:39.150375,1107,Fiverr
906,2025-03-09 22:00:43.080082,780,Swiggy
906,2025-01-04 05:23:48.567730,1113,Swiggy
907,2025-02-08 03:53:54.610908,3797,Upwork
908,2025-03-02 06:24:41.494492,2403,Swiggy
908,2025-01-02 09:26:23.072669,3494,Swiggy
908,2024-12-20 14:46:43.964037,522,Uber
909,2025-02-04 09:57:16.368991,1064,Uber
909,2025-02-16 17:36:51.546400,1052,Uber
909,2025-01-11 13:29:25.213754,4996,Fiverr
910,2024-12-05 16:04:28.900301,4070,Uber
910,2025-03-14 13:43:32.728572,1410,Fiverr
911,2025-01-20 08:51:48.942335,2324,Upwork
911,2025-01-08 15:50:20.052884,4856,Fiverr
911,2025-05-25 01:44:35.568804,4467,Upwork
912,2025-03-12 19:59:16.373209,2429,Uber
913,2025-01-31 15:00:28.904126,1199,Fiverr
913,2025-02-19 14:53:40.777262,1774,Fiverr
913,2025-05-17 01:42:55.041904,3754,Swiggy
914,2024-12-12 01:24:00.084640,4302,Upwork
914,2025-04-24 23:06:22.691812,1825,Fiverr
914,2025-05-30 12:06:36.476744,717,Uber
914,2024-12-25 11:26:00.248980,1175,Upwork
915,2025-04-15 21:56:56.256380,4940,Upwork
917,2025-05-03 07:47:02.651661,1250,Fiverr
917,2025-01-22 14:47:24.770245,3195,Swiggy
918,2025-04-02 22:59:22.014863,2719,Swiggy
918,2025-05-14 13:44:04.393383,4260,Upwork
918,2025-04-09 13:33:30.031686,3289,Uber
918,2024-12-11 17:16:09.149119,3337,Uber
920,2025-01-21 15:07:10.367264,1954,Uber
920,2025-01-27 04:40:46.166311,1713,Swiggy
921,2025-01-22 12:20:07.857475,3612,Upwork
921,2025-02-24 18:07:34.726567,4001,Fiverr
921,2024-12-27 11:36:23.508295,1923,Fiverr
922,2025-01-05 17:50:39.891695,1972,Fiverr
923,2025-02-23 22:26:05.495988,4026,Fiverr
924,2024-12-16 15:54:36.888465,3219,Uber
924,2025-03-19 06:04:56.676052,3188,Swiggy
925,2024-12-18 22:11:21.559474,4079,Swiggy
925,2025-03-02 01:54:31.740061,3697,Fiverr
925,2024-12-19 08:23:19.135673,2310,Fiverr
926,2025-03-24 09:50:08.016926,4812,Uber
926,2024-12-03 11:53:58.615510,1302,Upwork
926,2025-05-20 05:04:55.103254,2080,Fiverr
926,2025-03-22 19:31:26.550091,4014,Swiggy
927,2025-02-28 14:26:14.530389,4394,Swiggy
927,2025-02-13 05:01:26.138492,3108,Swiggy
927,2025-02-14 10:27:40.653841,4869,Swiggy
927,2025-03-21 13:13:05.036284,3405,Upwork
929,2025-04-25 15:41:49.360039,818,Upwork
929,2025-04-03 20:44:57.751356,1485,Swiggy
929,2024-12-18 11:35:50.359396,4081,Upwork
930,2025-01-22 18:28:00.618580,2945,Uber
930,2025-03-26 15:06:18.934832,4912,Fiverr
931,2024-12-15 13:09:41.920532,4109,Fiverr
931,2025-01-13 00:43:26.866389,4005,Uber
933,2025-01-26 19:20:50.195806,1830,Swiggy
933,2025-02-14 16:12:12.817678,2275,Fiverr
935,2025-01-06 01:11:41.403166,4226,Fiverr
935,2025-04-25 17:20:44.987681,4633,Swiggy
935,2024-12-22 17:58:45.792286,4287,Fiverr
937,2025-01-05 03:14:46.294597,2844,Swiggy
938,2025-04-04 02:51:36.457810,3425,Fiverr
938,2025-04-20 21:06:29.883361,2530,Upwork
939,2025-05-03 08:32:14.374483,3164,Fiverr
939,2025-03-07 07:59:36.611988,3944,Upwork
939,2025-03-05 14:09:25.641510,3851,Fiverr
939,2025-05-20 05:25:52.893805,4318,Swiggy
940,2025-04-24 04:06:07.745237,701,Upwork
940,2025-02-21 03:50:26.691051,2515,Swiggy
941,2025-02-06 13:53:51.653635,4837,Upwork
941,2025-02-20 03:01:44.167457,2090,Uber
941,2025-03-30 05:45:21.445742,3229,Swiggy
941,2025-03-29 11:50:14.888778,1297,Upwork
942,2025-01-04 13:10:55.974864,3361,Upwork
942,2024-12-04 22:50:20.034471,3229,Fiverr
942,2025-03-28 10:58:34.272994,805,Uber
943,2025-01-16 17:38:00.814533,699,Swiggy
943,2025-05-31 11:19:36.131383,3153,Uber
944,2025-04-07 21:45:24.535853,691,Fiverr
945,2025-02-19 19:33:25.411385,2658,Fiverr
945,2025-03-02 04:39:20.065077,4548,Uber
945,2025-02-12 10:41:03.586346,1537,Upwork
948,2025-01-04 07:26:40.333434,2299,Fiverr
949,2024-12-16 21:58:52.590828,1140,Upwork
949,2024-12-31 14:46:06.238609,1641,Fiverr
949,2025-03-07 13:53:57.034883,1903,Upwork
949,2025-02-14 02:59:45.408192,4756,Upwork
950,2025-01-28 16:07:46.228089,4171,Fiverr
950,2025-04-23 19:40:03.027301,4654,Upwork
950,2025-03-04 01:46:56.524036,4365,Swiggy
950,2025-05-27 01:27:07.636580,707,Uber
951,2025-02-28 04:18:08.542712,3816,Swiggy
951,2025-03-04 01:14:45.946882,2219,Swiggy
951,2025-04-29 18:55:39.259580,3976,Uber
952,2025-05-23 10:42:02.169223,2206,Swiggy
952,2025-04-18 19:47:34.517021,1815,Upwork
952,2024-12-18 05:07:28.572343,1527,Swiggy
952,2025-04-13 05:40:27.165181,1453,Fiverr
953,2025-05-10 19:19:12.012532,2229,Swiggy
953,2025-01-31 07:23:25.774322,3695,Upwork
955,2025-01-30 18:54:18.661637,2743,Uber
955,2024-12-11 18:03:35.879705,3356,Swiggy
955,2025-03-10 19:47:10.187301,4573,Uber
955,2025-01-26 00:14:17.494051,1106,Swiggy
956,2024-12-30 19:23:17.242614,1154,Upwork
956,2025-04-11 12:45:32.197919,4203,Fiverr
956,2025-03-10 08:30:53.901727,3996,Uber
956,2025-04-13 07:29:39.151464,1178,Swiggy
957,2025-04-01 07:20:00.272030,3537,Swiggy
957,2025-03-25 10:54:02.069313,4321,Swiggy
958,2025-05-25 15:10:32.884671,2561,Uber
958,2025-04-20 19:35:26.764686,3940,Upwork
958,2025-01-10 22:15:54.022783,3023,Swiggy
958,2025-01-15 04:06:53.358185,3052,Swiggy
960,2025-02-04 10:36:14.475368,2741,Fiverr
960,2025-05-18 19:57:46.048409,1237,Swiggy
960,2025-04-08 07:41:05.201382,4802,Swiggy
962,2025-01-02 13:00:08.486427,2373,Swiggy
962,2025-01-18 15:12:01.563175,544,Swiggy
963,2024-12-28 19:47:15.392203,1705,Upwork
963,2025-01-27 07:30:49.569395,4463,Swiggy
966,2025-05-23 04:15:52.315373,532,Fiverr
967,2025-01-14 13:11:52.099911,3851,Swiggy
967,2025-05-29 22:39:21.574507,1359,Upwork
967,2025-02-27 23:10:15.140313,4777,Upwork
969,2025-02-04 12:56:14.914153,3472,Upwork
969,2025-02-06 21:42:10.919433,4542,Swiggy
970,2025-02-01 08:41:52.890231,4827,Fiverr
971,2025-04-12 02:46:47.208941,1443,Upwork
972,2025-03-05 16:39:27.159669,2289,Swiggy
973,2025-04-07 13:23:09.137388,1304,Swiggy
976,2025-01-21 21:39:09.336913,3412,Uber
977,2025-04-18 00:51:02.569700,4212,Fiverr
977,2024-12-11 14:25:31.298041,4988,Swiggy
977,2025-01-24 04:34:09.322442,3168,Swiggy
978,2025-02-20 11:08:52.918885,4454,Uber
978,2025-02-04 22:57:14.641733,2054,Swiggy
978,2025-05-14 20:57:57.799305,2386,Uber
979,2024-12-06 02:01:45.701664,3196,Fiverr
979,2025-04-18 07:07:02.933696,3534,Fiverr
980,2025-04-03 07:12:07.663299,3673,Fiverr
982,2025-04-01 18:32:56.469344,3047,Fiverr
983,2025-04-02 23:08:57.825003,3525,Uber
983,2025-03-06 00:05:49.410899,4878,Fiverr
984,2025-04-14 03:31:20.856061,3736,Fiverr
984,2025-05-04 21:11:21.141656,863,Upwork
984,2025-05-13 22:09:41.122077,552,Swiggy
985,2025-01-10 16:03:21.575868,1570,Uber
986,2025-01-17 09:54:22.941897,894,Fiverr
986,2025-04-30 05:38:08.881958,4167,Fiverr
987,2025-03-17 10:20:47.661524,2177,Uber
988,2025-03-04 23:40:09.451775,3845,Upwork
988,2025-02-02 02:30:47.729740,2590,Swiggy
988,2025-02-15 14:52:32.210086,1902,Fiverr
989,2025-01-19 19:02:42.916685,4445,Upwork
989,2025-02-06 17:55:53.980582,4358,Swiggy
989,2025-03-08 01:49:00.244444,2298,Uber
990,2025-01-30 17:24:25.286500,4053,Upwork
990,2025-03-19 17:25:14.982499,1733,Fiverr
990,2025-02-22 23:28:59.010710,3314,Uber
991,2025-03-24 18:32:59.788838,1591,Fiverr
992,2025-03-07 16:17:37.108162,4381,Upwork
992,2025-05-13 05:07:04.233421,3983,Uber
992,2025-04-22 21:23:37.808197,2276,Upwork
993,2025-03-03 21:45:07.119409,2204,Fiverr
993,2024-12-08 03:47:54.507946,575,Uber
994,2025-03-12 23:12:17.164979,3711,Upwork
994,2025-02-11 06:04:20.994238,1119,Swiggy
994,2025-02-27 11:31:08.550955,3642,Uber
995,2024-12-20 03:51:05.283966,3985,Swiggy
995,2025-05-22 02:34:38.766749,4649,Swiggy
995,2024-12-23 00:20:09.069182,3467,Fiverr
995,2025-03-20 08:35:15.653245,1074,Swiggy
996,2025-04-02 04:37:38.710631,4630,Fiverr
996,2025-05-18 03:37:06.828187,4285,Fiverr
997,2025-02-11 23:01:18.414802,2645,Fiverr
997,2025-04-08 01:05:31.454643,2491,Upwork
998,2025-01-21 02:48:09.814046,4652,Fiverr
998,2024-12-08 11:14:38.656973,3774,Swiggy
999,2024-12-10 15:47:36.097485,2480,Uber
1000,2025-01-31 07:54:59.259671,3204,Fiverr
1000,2024-12-21 08:10:37.806080,4702,Fiverr
1000,2025-05-03 08:01:48.102907,1154,Fiverr
1000,2025-02-17 22:27:10.042944,3512,Fiverr
