user_id,monthly_data_usage_gb,monthly_recharge_amount,timestamp
1,3.99,313,2025-06-02 03:23:31.947370
2,17.97,268,2025-06-02 05:36:27.679462
3,41.78,427,2025-06-02 00:35:04.839977
4,47.46,493,2025-06-02 17:03:02.870281
5,25.03,204,2025-06-02 17:00:31.809256
6,28.21,312,2025-06-02 08:36:12.981890
7,28.53,459,2025-06-03 01:23:44.128688
8,3.05,349,2025-06-02 14:32:34.205359
9,38.31,418,2025-06-01 19:50:24.655992
10,6.51,307,2025-06-02 06:37:26.532882
11,24.7,130,2025-06-01 16:50:29.509623
12,37.04,460,2025-06-03 07:13:37.995490
13,35.26,342,2025-06-01 20:11:45.899911
14,22.24,209,2025-06-01 14:22:21.670889
15,32.42,384,2025-06-02 08:21:03.173867
16,23.45,415,2025-06-01 23:36:09.160868
17,4.52,284,2025-06-01 19:40:21.436068
18,31.2,257,2025-06-02 14:40:47.374728
19,20.27,265,2025-06-01 23:21:22.443535
20,20.24,105,2025-06-01 02:19:04.184208
21,6.58,152,2025-06-03 04:00:54.156477
22,25.21,441,2025-06-02 12:35:40.870437
23,44.67,124,2025-06-02 14:44:46.059476
24,3.4,170,2025-06-01 13:37:52.129881
25,29.31,434,2025-06-02 03:41:59.802387
26,2.4,267,2025-06-02 10:48:48.641335
27,7.82,327,2025-06-01 18:38:37.510381
28,1.06,384,2025-06-01 12:15:33.717471
29,21.4,386,2025-06-03 05:10:19.642434
30,9.94,155,2025-06-01 17:12:42.555338
31,27.87,142,2025-06-01 22:35:41.795511
32,42.49,448,2025-06-02 22:59:52.842974
33,15.6,354,2025-06-03 02:05:37.638843
34,42.05,208,2025-06-02 18:56:49.483375
35,43.91,490,2025-06-02 05:02:06.220259
36,33.95,237,2025-06-01 21:37:51.351111
37,31.08,353,2025-06-02 11:02:56.694073
38,42.69,173,2025-06-01 01:34:04.110261
39,20.67,276,2025-06-02 17:29:41.122643
40,48.47,488,2025-06-02 18:47:41.477254
41,27.75,451,2025-06-02 20:19:58.653086
42,20.68,126,2025-06-01 08:03:19.747234
43,25.98,463,2025-06-01 02:25:30.808711
44,25.22,339,2025-06-02 05:59:44.491572
45,36.53,424,2025-06-02 10:09:26.056897
46,17.27,193,2025-06-01 08:05:05.697476
47,46.09,252,2025-06-01 01:50:31.540949
48,35.69,477,2025-06-01 00:21:25.716919
49,37.98,154,2025-06-01 11:51:38.073423
50,45.09,473,2025-06-02 09:28:49.921853
51,41.92,478,2025-06-03 00:29:53.093270
52,20.75,104,2025-06-02 14:55:49.003752
53,17.54,238,2025-06-02 13:05:04.455535
54,7.88,358,2025-06-02 05:51:39.268766
55,1.64,396,2025-06-01 06:39:35.966444
56,43.08,469,2025-06-02 01:35:17.802672
57,41.41,104,2025-06-01 18:36:34.655809
58,41.33,385,2025-06-02 13:50:55.095070
59,48.24,462,2025-06-02 07:34:58.659734
60,35.96,101,2025-06-03 00:39:18.841816
61,17.9,222,2025-06-01 17:53:33.647920
62,41.27,439,2025-06-01 04:48:05.955987
63,36.51,132,2025-06-01 15:24:03.255847
64,10.69,396,2025-06-03 00:48:57.535801
65,6.71,419,2025-06-01 20:07:16.299127
66,25.49,312,2025-06-02 13:00:04.732386
67,14.11,301,2025-06-02 23:06:05.557462
68,2.91,461,2025-06-02 19:58:57.503592
69,35.73,199,2025-06-02 07:23:19.702541
70,40.5,421,2025-06-02 18:55:01.423263
71,20.15,144,2025-06-03 03:21:37.327664
72,47.01,204,2025-06-01 08:45:03.633970
73,14.34,118,2025-06-03 01:25:26.046901
74,44.8,136,2025-06-02 17:41:24.014349
75,8.16,429,2025-06-02 13:32:55.206499
76,13.63,193,2025-06-03 02:12:35.549021
77,14.96,387,2025-06-03 02:32:38.088722
78,26.17,228,2025-06-03 06:59:04.096345
79,17.83,111,2025-06-02 15:54:37.302137
80,13.63,114,2025-06-01 11:03:38.136660
81,27.5,121,2025-06-01 06:21:21.670092
82,23.27,294,2025-06-01 12:26:52.792337
83,44.7,407,2025-06-01 05:18:45.612357
84,12.98,223,2025-06-01 00:01:54.566206
85,4.32,209,2025-06-01 09:12:00.333964
86,38.14,230,2025-06-01 12:20:16.582776
87,4.03,354,2025-06-03 00:08:06.692097
88,9.39,477,2025-06-01 21:01:55.332947
89,30.12,415,2025-06-01 00:12:58.582839
90,15.4,320,2025-06-02 05:13:47.774192
91,16.4,108,2025-06-02 09:34:45.846005
92,16.89,459,2025-06-01 05:01:20.311991
93,30.69,273,2025-06-01 09:39:46.035315
94,9.64,260,2025-06-01 00:01:43.421872
95,41.09,113,2025-06-02 06:08:07.702966
96,22.94,249,2025-06-02 13:00:59.824040
97,38.26,184,2025-06-01 06:39:39.940543
98,33.77,455,2025-06-03 07:46:07.691449
99,25.11,132,2025-06-01 16:24:44.471337
100,3.34,367,2025-06-01 11:35:10.106047
101,44.27,387,2025-06-01 22:48:04.112823
102,47.99,382,2025-06-03 07:39:09.211735
103,4.1,263,2025-06-01 15:18:12.517263
104,49.13,226,2025-06-01 21:14:26.272959
105,29.39,301,2025-06-02 09:48:36.978155
106,17.84,454,2025-06-02 15:12:17.509221
107,1.04,324,2025-06-03 00:53:30.485802
108,5.6,239,2025-06-01 09:03:10.787542
109,2.03,441,2025-06-02 22:10:57.533454
110,39.0,370,2025-06-02 18:42:02.751067
111,47.53,233,2025-06-01 01:53:30.777787
112,49.28,390,2025-06-01 03:24:35.529394
113,2.27,229,2025-06-01 10:03:42.172396
114,34.61,461,2025-06-03 05:51:54.121519
115,33.92,355,2025-06-01 17:34:11.828310
116,22.74,334,2025-06-03 06:34:34.646646
117,24.98,119,2025-06-01 07:47:28.094556
118,30.6,243,2025-06-02 14:04:29.650055
119,33.97,487,2025-06-03 06:29:05.876355
120,46.19,477,2025-06-02 13:16:09.595728
121,48.75,321,2025-06-02 20:20:45.887603
122,6.06,498,2025-06-01 16:42:34.806546
123,33.58,259,2025-06-02 23:19:37.331540
124,34.07,129,2025-06-01 20:25:08.040601
125,44.77,194,2025-06-03 04:28:24.381575
126,38.84,243,2025-06-01 01:18:54.989007
127,13.92,192,2025-06-01 08:33:17.293139
128,9.39,265,2025-06-01 15:01:16.835153
129,9.1,272,2025-06-02 09:19:48.623704
130,47.36,270,2025-06-01 19:15:59.170728
131,19.21,104,2025-06-02 02:41:24.218204
132,3.98,276,2025-06-02 23:40:08.273797
133,5.01,403,2025-06-03 03:11:34.877067
134,42.2,134,2025-06-02 08:26:56.817181
135,14.67,444,2025-06-02 07:23:46.340084
136,19.01,498,2025-06-01 17:52:17.511449
137,49.62,444,2025-06-01 23:47:20.178761
138,47.73,178,2025-06-02 06:03:31.059309
139,37.55,186,2025-06-03 03:40:05.603438
140,25.08,449,2025-06-01 02:31:34.587075
141,20.05,403,2025-06-01 15:58:52.890340
142,29.76,234,2025-06-02 03:05:09.213438
143,8.14,103,2025-06-01 11:20:06.494234
144,42.87,138,2025-06-01 21:58:22.013865
145,49.64,259,2025-06-02 08:26:08.540764
146,35.82,440,2025-06-02 11:48:47.133157
147,8.99,427,2025-06-01 12:53:57.052767
148,34.75,220,2025-06-03 00:23:47.162898
149,24.65,194,2025-06-03 00:57:41.092996
150,4.68,284,2025-06-02 17:12:08.940403
151,9.47,377,2025-06-03 01:59:12.392235
152,7.88,388,2025-06-02 21:40:10.291249
153,14.03,319,2025-06-01 15:57:47.506029
154,12.96,442,2025-06-02 10:04:32.320091
155,15.33,100,2025-06-01 15:56:37.286283
156,3.69,391,2025-06-02 11:28:16.017235
157,30.88,213,2025-06-01 19:50:18.153718
158,11.45,130,2025-06-01 11:30:28.808568
159,39.67,481,2025-06-02 03:33:09.930883
160,48.51,224,2025-06-02 01:58:53.624014
161,28.22,375,2025-06-02 10:08:05.819410
162,36.36,201,2025-06-01 05:34:24.774473
163,1.62,418,2025-06-02 14:54:08.703072
164,33.74,217,2025-06-01 19:55:39.923750
165,30.82,400,2025-06-02 23:25:12.566663
166,21.02,370,2025-06-02 18:20:53.061698
167,13.08,286,2025-06-01 09:52:31.164528
168,27.2,181,2025-06-02 01:22:23.149026
169,45.05,477,2025-06-02 16:02:38.467411
170,10.32,463,2025-06-02 07:27:58.261014
171,39.55,478,2025-06-02 19:06:00.310689
172,34.43,322,2025-06-01 23:14:59.332139
173,27.03,100,2025-06-01 19:39:35.146597
174,37.39,369,2025-06-03 02:50:01.690202
175,5.96,489,2025-06-02 08:51:08.959910
176,35.05,165,2025-06-02 16:25:56.326476
177,8.85,345,2025-06-02 10:28:17.726333
178,32.87,442,2025-06-02 21:39:27.370910
179,12.97,103,2025-06-02 21:04:54.463448
180,17.8,301,2025-06-02 23:27:26.986058
181,39.74,312,2025-06-02 09:57:31.894833
182,41.72,324,2025-06-01 17:42:21.306985
183,27.16,244,2025-06-01 23:58:57.410492
184,40.15,397,2025-06-02 14:03:22.618574
185,40.4,274,2025-06-02 20:49:07.460060
186,23.99,272,2025-06-03 04:25:18.098274
187,29.31,245,2025-06-01 00:26:04.782667
188,37.34,252,2025-06-02 01:39:35.453864
189,3.94,418,2025-06-03 07:40:49.343827
190,44.14,458,2025-06-01 04:45:34.265461
191,35.73,292,2025-06-01 02:10:59.297828
192,26.72,448,2025-06-02 01:54:49.827022
193,40.18,427,2025-06-02 13:43:26.276425
194,33.46,320,2025-06-01 14:36:42.451926
195,16.34,448,2025-06-02 12:01:48.886554
196,23.05,230,2025-06-03 04:57:54.630605
197,7.67,371,2025-06-01 14:46:54.477569
198,33.22,500,2025-06-02 15:52:11.347856
199,11.92,397,2025-06-02 19:37:21.880528
200,3.95,200,2025-06-01 20:29:48.127576
201,41.55,431,2025-06-02 13:53:12.235471
202,41.87,134,2025-06-01 22:05:34.451952
203,32.77,264,2025-06-01 10:08:33.336392
204,49.74,219,2025-06-01 11:35:19.962161
205,35.6,182,2025-06-01 01:39:34.934540
206,28.05,377,2025-06-01 15:45:24.674386
207,11.03,295,2025-06-01 06:57:06.737881
208,30.18,150,2025-06-02 11:34:50.392441
209,7.79,363,2025-06-02 20:36:01.200190
210,4.95,495,2025-06-03 01:58:57.081704
211,15.89,383,2025-06-02 18:37:27.062011
212,24.19,287,2025-06-01 02:08:43.115750
213,14.59,259,2025-06-02 21:36:47.783846
214,11.45,101,2025-06-01 11:36:06.053640
215,12.75,373,2025-06-03 05:58:58.803993
216,34.76,139,2025-06-02 08:25:09.018077
217,40.49,111,2025-06-02 21:21:45.630866
218,36.3,450,2025-06-01 16:44:45.012313
219,31.87,346,2025-06-03 00:12:54.983481
220,7.31,194,2025-06-02 16:06:46.619380
221,31.16,180,2025-06-02 20:19:40.078555
222,4.28,309,2025-06-01 16:49:39.332125
223,31.77,352,2025-06-02 16:36:52.147170
224,43.04,388,2025-06-01 12:27:36.717374
225,16.39,415,2025-06-02 10:33:16.423222
226,43.88,337,2025-06-01 04:55:47.274114
227,14.28,500,2025-06-01 04:27:35.906981
228,38.54,315,2025-06-02 13:40:44.841902
229,38.33,148,2025-06-01 06:33:04.487810
230,45.88,304,2025-06-01 17:32:59.676440
231,18.85,183,2025-06-03 00:40:17.705628
232,29.74,273,2025-06-01 14:22:28.858280
233,6.18,285,2025-06-01 16:51:11.001301
234,2.78,267,2025-06-01 01:01:30.428499
235,13.9,430,2025-06-01 02:42:32.455021
236,11.84,172,2025-06-02 21:34:05.362327
237,8.68,459,2025-06-02 19:56:13.802553
238,10.07,185,2025-06-02 08:43:51.117207
239,18.27,406,2025-06-02 13:32:07.239161
240,24.56,175,2025-06-01 18:14:35.138162
241,28.86,349,2025-06-01 18:57:36.270790
242,19.64,319,2025-06-02 04:24:00.596969
243,30.97,345,2025-06-01 17:16:10.465472
244,35.14,341,2025-06-02 13:09:29.361164
245,35.98,186,2025-06-01 02:51:53.943081
246,5.73,113,2025-06-01 19:40:36.044606
247,37.28,235,2025-06-02 02:47:45.343551
248,47.6,434,2025-06-02 19:48:07.981129
249,34.49,422,2025-06-03 05:41:07.373440
250,5.86,300,2025-06-02 15:28:43.727286
251,32.75,319,2025-06-02 16:59:27.235705
252,36.12,102,2025-06-03 04:59:14.534693
253,45.19,277,2025-06-03 01:12:59.829372
254,9.97,471,2025-06-02 04:31:41.533418
255,45.91,344,2025-06-01 12:34:55.029217
256,25.32,411,2025-06-01 09:21:28.459674
257,15.87,388,2025-06-02 12:11:51.955364
258,9.01,315,2025-06-03 00:47:19.146590
259,23.86,305,2025-06-02 16:18:44.573644
260,43.41,171,2025-06-02 09:11:19.810754
261,6.19,332,2025-06-02 01:49:33.300024
262,27.1,438,2025-06-01 05:35:10.152570
263,34.12,153,2025-06-03 07:30:28.714500
264,13.35,497,2025-06-02 12:00:18.636445
265,17.55,363,2025-06-01 09:55:02.887455
266,27.83,179,2025-06-01 14:18:17.272827
267,26.35,223,2025-06-02 11:52:41.422931
268,34.73,115,2025-06-01 20:33:46.983570
269,40.25,299,2025-06-03 03:06:12.428686
270,23.51,199,2025-06-02 12:45:21.744131
271,41.55,268,2025-06-01 16:13:38.553776
272,14.13,471,2025-06-02 16:45:28.154690
273,15.42,398,2025-06-03 01:50:55.881476
274,17.15,383,2025-06-01 11:57:18.788680
275,31.31,215,2025-06-02 13:25:49.004919
276,39.61,257,2025-06-03 04:12:59.284749
277,20.13,470,2025-06-03 01:58:11.128656
278,20.22,398,2025-06-02 13:54:02.661008
279,32.68,375,2025-06-03 02:03:14.959755
280,5.14,191,2025-06-02 23:59:21.799320
281,2.34,271,2025-06-01 13:14:26.906388
282,47.84,354,2025-06-01 01:46:24.906242
283,24.74,428,2025-06-01 04:44:17.399535
284,47.41,132,2025-06-01 15:24:32.028874
285,22.01,226,2025-06-01 08:12:53.331242
286,42.01,163,2025-06-02 08:14:37.563165
287,38.81,139,2025-06-01 12:54:59.630770
288,46.1,112,2025-06-01 08:12:13.151269
289,9.85,419,2025-06-03 04:03:11.148239
290,35.56,436,2025-06-03 03:03:53.159496
291,12.39,344,2025-06-01 08:03:30.824323
292,7.27,240,2025-06-01 23:06:30.306423
293,23.92,144,2025-06-01 22:45:41.745361
294,8.26,167,2025-06-02 05:17:16.563148
295,42.58,105,2025-06-01 12:56:54.298537
296,20.03,359,2025-06-01 22:29:34.356408
297,30.81,107,2025-06-01 22:02:30.158743
298,43.12,472,2025-06-03 02:41:06.331870
299,13.08,304,2025-06-01 00:28:07.359284
300,26.56,203,2025-06-02 02:03:00.073148
301,6.34,365,2025-06-01 22:57:35.009174
302,28.14,406,2025-06-01 04:08:37.095253
303,26.31,267,2025-06-02 17:36:29.011305
304,6.18,172,2025-06-01 18:52:26.864846
305,42.62,460,2025-06-01 13:38:46.765820
306,39.48,320,2025-06-01 21:39:06.479218
307,34.33,261,2025-06-01 04:41:06.717418
308,39.01,119,2025-06-02 10:30:57.853662
309,14.29,448,2025-06-02 09:58:47.708260
310,5.0,374,2025-06-01 11:40:10.188765
311,9.97,460,2025-06-01 19:49:51.615945
312,15.05,178,2025-06-01 22:52:19.206916
313,29.81,290,2025-06-02 03:30:38.298160
314,18.19,366,2025-06-02 16:49:05.958747
315,6.34,325,2025-06-02 02:50:06.838279
316,3.89,386,2025-06-02 14:27:02.169829
317,26.38,324,2025-06-02 16:25:19.466146
318,13.93,340,2025-06-02 05:00:05.109817
319,14.74,362,2025-06-02 00:56:49.126114
320,32.95,462,2025-06-03 03:36:59.211617
321,19.94,161,2025-06-01 09:54:19.040690
322,6.31,451,2025-06-03 05:02:06.310864
323,38.41,317,2025-06-02 21:56:10.638473
324,25.37,252,2025-06-02 00:10:46.598836
325,23.63,324,2025-06-02 19:50:43.529418
326,27.56,193,2025-06-01 05:08:53.709904
327,33.89,124,2025-06-02 03:56:27.558353
328,24.54,203,2025-06-01 17:30:23.415386
329,5.94,254,2025-06-01 12:29:34.376260
330,16.48,425,2025-06-02 17:09:37.995305
331,19.61,264,2025-06-01 22:39:54.685651
332,1.96,271,2025-06-03 02:03:19.175262
333,5.14,200,2025-06-01 03:45:37.930612
334,3.32,398,2025-06-01 13:59:34.413000
335,33.5,318,2025-06-01 17:28:32.406703
336,48.91,465,2025-06-01 03:55:21.222936
337,44.96,147,2025-06-01 06:19:19.518163
338,27.38,348,2025-06-01 06:43:44.488910
339,7.68,279,2025-06-01 14:44:04.922673
340,12.88,126,2025-06-01 03:48:10.072857
341,26.67,472,2025-06-02 21:59:02.057472
342,28.28,209,2025-06-02 10:08:37.865161
343,25.51,208,2025-06-02 01:14:25.492129
344,48.03,484,2025-06-01 02:46:19.855639
345,27.62,246,2025-06-01 16:04:13.673491
346,23.4,329,2025-06-02 17:52:15.747642
347,38.64,145,2025-06-02 16:44:06.054139
348,18.02,262,2025-06-02 02:32:39.400470
349,6.92,180,2025-06-03 04:18:28.680404
350,23.15,122,2025-06-03 05:53:58.076907
351,49.45,375,2025-06-02 14:01:51.206218
352,26.02,444,2025-06-02 08:00:46.587229
353,25.89,108,2025-06-02 10:15:13.578141
354,34.0,493,2025-06-01 13:43:08.799298
355,39.4,212,2025-06-02 06:35:29.299129
356,26.32,338,2025-06-01 20:26:19.116590
357,34.06,310,2025-06-02 21:41:14.731045
358,17.09,109,2025-06-02 20:09:36.298268
359,36.85,357,2025-06-01 07:12:44.939584
360,13.01,244,2025-06-02 12:19:40.115345
361,26.55,182,2025-06-01 19:05:04.378191
362,44.41,412,2025-06-01 15:02:20.199184
363,15.71,144,2025-06-01 00:48:21.052427
364,6.26,376,2025-06-01 05:33:08.979785
365,14.48,192,2025-06-01 13:29:22.485644
366,8.93,315,2025-06-01 10:44:46.572594
367,5.66,128,2025-06-01 20:07:17.848349
368,13.09,331,2025-06-02 02:00:39.809294
369,3.41,171,2025-06-03 04:49:33.104522
370,19.7,108,2025-06-02 22:53:17.817809
371,40.96,359,2025-06-03 03:34:20.540070
372,7.43,437,2025-06-01 17:28:04.322691
373,35.44,452,2025-06-01 18:48:06.856038
374,18.14,352,2025-06-01 01:46:12.738656
375,7.44,196,2025-06-01 11:36:48.818228
376,19.9,470,2025-06-01 19:24:32.680635
377,24.39,190,2025-06-02 02:51:50.461171
378,30.6,385,2025-06-02 09:06:42.369062
379,48.8,230,2025-06-01 20:46:09.543187
380,40.17,447,2025-06-03 02:11:39.692321
381,34.39,322,2025-06-02 23:22:14.998605
382,13.73,121,2025-06-02 15:19:29.763652
383,40.47,383,2025-06-01 23:13:16.955781
384,32.38,331,2025-06-01 03:24:23.868985
385,5.82,117,2025-06-01 09:45:54.823078
386,10.42,278,2025-06-01 11:08:36.633993
387,1.6,365,2025-06-03 02:55:24.278669
388,13.9,398,2025-06-02 18:45:49.469424
389,35.07,305,2025-06-03 01:40:09.803849
390,47.61,427,2025-06-03 03:22:04.658851
391,7.42,165,2025-06-01 21:41:54.627188
392,49.65,144,2025-06-01 16:06:02.618731
393,48.12,183,2025-06-01 12:27:25.864211
394,28.06,363,2025-06-02 17:33:34.599376
395,9.69,474,2025-06-01 15:33:30.807164
396,19.15,441,2025-06-01 19:42:47.594668
397,23.9,327,2025-06-02 19:31:25.356113
398,34.01,275,2025-06-01 07:53:55.445534
399,8.39,163,2025-06-01 10:58:25.636491
400,45.74,168,2025-06-01 04:52:19.887856
401,49.92,368,2025-06-02 11:44:32.744335
402,30.57,157,2025-06-02 06:58:39.525368
403,23.52,471,2025-06-02 16:55:17.465032
404,44.39,215,2025-06-02 21:23:02.630268
405,24.7,251,2025-06-02 23:48:06.502777
406,42.6,163,2025-06-01 03:52:48.034149
407,23.27,290,2025-06-03 03:53:02.240897
408,44.16,486,2025-06-01 09:30:34.465580
409,41.01,212,2025-06-01 09:25:04.994583
410,16.42,303,2025-06-01 03:52:03.290475
411,34.36,410,2025-06-03 01:31:57.688977
412,2.66,480,2025-06-01 15:08:59.604449
413,18.66,223,2025-06-02 12:34:14.389399
414,6.21,473,2025-06-02 04:40:35.405095
415,19.58,150,2025-06-01 14:03:17.513933
416,15.39,178,2025-06-02 10:04:47.620802
417,11.84,186,2025-06-03 05:43:51.684018
418,28.55,120,2025-06-02 11:40:59.001447
419,27.98,131,2025-06-01 05:55:33.921407
420,36.71,280,2025-06-01 11:07:39.264425
421,2.46,291,2025-06-01 22:10:48.797793
422,32.43,194,2025-06-02 16:11:47.736002
423,22.64,218,2025-06-01 17:17:33.657498
424,32.44,252,2025-06-02 06:58:26.992726
425,9.1,162,2025-06-03 06:01:18.105849
426,29.6,299,2025-06-02 23:00:44.643488
427,17.25,481,2025-06-01 01:49:35.381083
428,35.36,145,2025-06-02 00:19:18.207866
429,36.79,106,2025-06-02 22:00:50.695436
430,31.79,174,2025-06-01 01:56:50.655119
431,5.53,194,2025-06-01 12:19:17.087484
432,39.94,263,2025-06-01 14:35:03.558268
433,46.2,321,2025-06-01 19:27:38.671225
434,13.21,122,2025-06-03 03:02:19.627681
435,11.6,356,2025-06-01 23:02:20.998798
436,10.28,204,2025-06-02 11:37:48.863937
437,26.51,225,2025-06-01 08:19:26.150993
438,12.12,458,2025-06-02 12:14:48.898255
439,45.56,496,2025-06-01 13:37:58.271057
440,4.37,219,2025-06-02 14:06:49.114630
441,34.67,180,2025-06-01 20:21:42.903707
442,47.98,215,2025-06-03 05:03:30.993666
443,11.38,188,2025-06-02 04:41:31.204532
444,23.43,122,2025-06-02 09:30:21.059932
445,44.83,459,2025-06-02 09:22:59.867725
446,40.26,382,2025-06-01 12:00:48.568767
447,2.42,231,2025-06-02 16:53:44.192323
448,12.4,117,2025-06-02 20:28:02.769629
449,11.45,408,2025-06-02 13:42:46.823172
450,32.57,241,2025-06-02 11:10:28.217249
451,11.43,233,2025-06-02 23:34:37.788381
452,26.11,112,2025-06-02 08:27:59.565884
453,5.66,180,2025-06-02 17:48:17.264359
454,16.91,265,2025-06-01 20:23:04.011239
455,6.95,106,2025-06-01 19:37:32.802416
456,22.96,197,2025-06-01 09:53:07.072502
457,6.77,243,2025-06-02 20:53:56.399058
458,28.04,145,2025-06-01 19:55:36.524126
459,25.57,282,2025-06-02 10:04:23.140346
460,35.63,292,2025-06-01 09:07:07.395753
461,47.66,449,2025-06-01 21:19:59.052507
462,1.76,474,2025-06-01 20:09:40.521524
463,10.39,362,2025-06-01 10:24:01.455825
464,18.63,392,2025-06-02 03:55:11.592972
465,24.42,487,2025-06-02 20:30:55.609121
466,45.68,469,2025-06-01 22:03:15.561497
467,12.44,168,2025-06-03 01:50:56.136416
468,46.08,475,2025-06-02 05:44:54.215329
469,49.93,314,2025-06-01 16:17:56.230126
470,2.47,320,2025-06-01 10:48:48.645547
471,49.48,105,2025-06-02 21:31:45.565648
472,45.07,492,2025-06-01 02:21:58.592408
473,48.36,271,2025-06-02 14:40:40.773053
474,49.75,283,2025-06-01 08:09:17.012473
475,42.48,356,2025-06-02 17:25:06.007561
476,2.94,364,2025-06-03 05:26:30.040751
477,22.63,355,2025-06-02 02:04:31.351615
478,9.93,293,2025-06-02 01:25:26.142396
479,19.14,432,2025-06-02 01:54:57.877580
480,37.84,189,2025-06-02 10:35:06.177827
481,36.91,405,2025-06-01 05:42:56.176515
482,39.25,280,2025-06-01 21:17:07.206952
483,31.64,466,2025-06-01 14:27:26.471021
484,44.88,363,2025-06-01 21:27:34.201975
485,19.15,344,2025-06-02 04:24:30.147790
486,44.11,299,2025-06-02 10:43:17.699615
487,36.85,410,2025-06-01 21:04:40.911739
488,40.62,111,2025-06-02 16:58:34.311798
489,43.05,175,2025-06-02 21:52:07.811991
490,31.83,329,2025-06-02 13:38:23.155775
491,4.43,444,2025-06-03 07:28:31.948662
492,6.34,410,2025-06-02 11:08:00.376689
493,24.78,234,2025-06-02 23:10:44.697751
494,41.84,325,2025-06-01 21:51:34.251228
495,48.67,477,2025-06-01 08:28:24.545723
496,32.23,314,2025-06-02 14:54:57.755741
497,11.61,400,2025-06-02 02:22:11.741256
498,12.06,247,2025-06-01 09:01:49.465507
499,42.37,418,2025-06-02 22:31:16.344151
500,19.43,148,2025-06-02 17:43:00.782072
501,19.78,168,2025-06-03 00:28:13.233252
502,32.17,328,2025-06-01 01:19:34.718507
503,22.86,285,2025-06-03 05:02:25.736265
504,3.77,322,2025-06-02 16:37:11.791896
505,32.12,116,2025-06-03 07:12:12.339113
506,7.91,154,2025-06-02 02:32:50.807023
507,22.98,327,2025-06-01 05:23:49.212901
508,9.23,312,2025-06-01 09:20:25.893595
509,10.04,235,2025-06-01 16:26:55.995728
510,39.37,178,2025-06-01 08:13:13.975441
511,12.41,178,2025-06-03 04:19:30.325809
512,12.66,315,2025-06-02 06:53:41.696426
513,48.93,174,2025-06-01 10:29:57.798171
514,37.68,469,2025-06-02 00:02:37.093597
515,48.68,219,2025-06-02 21:33:51.524818
516,44.41,309,2025-06-02 07:37:00.729206
517,44.13,140,2025-06-01 19:55:07.348233
518,13.69,454,2025-06-02 19:26:15.198908
519,18.86,132,2025-06-01 00:38:53.575682
520,47.8,455,2025-06-01 16:03:27.842583
521,28.32,235,2025-06-01 20:54:03.510992
522,24.94,244,2025-06-02 08:38:27.830150
523,35.76,496,2025-06-02 12:56:12.314837
524,38.81,277,2025-06-01 09:28:02.205844
525,29.91,286,2025-06-03 05:35:48.434659
526,11.56,495,2025-06-02 15:36:03.469149
527,29.46,442,2025-06-02 11:53:54.088216
528,16.55,349,2025-06-01 06:39:26.015709
529,40.19,281,2025-06-01 11:11:56.767030
530,41.52,297,2025-06-01 02:47:43.505271
531,46.45,129,2025-06-01 02:43:36.712354
532,18.48,295,2025-06-02 15:48:09.920325
533,4.77,499,2025-06-01 15:02:15.593127
534,18.65,441,2025-06-02 01:25:31.669904
535,6.42,182,2025-06-02 09:17:59.774650
536,24.26,453,2025-06-03 01:07:57.683201
537,23.26,483,2025-06-01 00:06:28.031805
538,49.96,136,2025-06-01 05:46:54.601075
539,29.94,296,2025-06-01 16:34:54.791200
540,16.32,129,2025-06-01 19:54:50.625328
541,47.73,175,2025-06-01 07:17:12.681416
542,6.24,312,2025-06-03 00:56:48.717560
543,11.01,348,2025-06-02 19:37:35.258614
544,26.21,499,2025-06-01 20:55:23.207869
545,46.91,349,2025-06-02 00:31:19.709610
546,19.54,255,2025-06-01 12:29:46.294661
547,21.66,137,2025-06-01 11:51:45.781225
548,32.49,292,2025-06-01 02:12:54.362487
549,42.14,164,2025-06-01 00:08:37.915339
550,41.31,190,2025-06-01 05:48:25.494037
551,38.9,345,2025-06-02 18:50:00.454137
552,30.8,432,2025-06-03 07:01:43.111123
553,30.53,381,2025-06-01 22:47:01.649681
554,45.3,206,2025-06-01 20:24:46.851547
555,25.27,366,2025-06-01 11:12:50.425059
556,49.11,363,2025-06-02 19:59:07.612495
557,9.05,316,2025-06-01 04:42:36.260138
558,34.79,192,2025-06-01 15:53:26.055652
559,42.89,449,2025-06-01 06:48:39.116067
560,24.99,291,2025-06-01 21:08:54.957080
561,22.99,319,2025-06-03 06:28:31.087729
562,40.05,337,2025-06-02 17:45:32.702244
563,11.01,303,2025-06-02 16:25:40.421170
564,41.01,396,2025-06-03 05:32:34.208325
565,19.07,495,2025-06-02 01:14:27.368993
566,10.91,496,2025-06-01 02:51:21.487394
567,34.74,382,2025-06-02 10:25:15.317972
568,20.31,444,2025-06-02 23:07:18.962117
569,3.49,400,2025-06-01 06:29:37.962782
570,27.9,118,2025-06-01 12:04:25.455979
571,25.16,300,2025-06-01 23:13:04.318801
572,4.46,482,2025-06-01 22:05:52.452111
573,43.8,220,2025-06-01 16:16:00.797177
574,18.91,233,2025-06-02 16:27:04.264052
575,7.63,386,2025-06-01 11:47:50.251447
576,35.86,218,2025-06-02 10:54:42.228686
577,15.37,132,2025-06-02 14:39:23.330118
578,35.59,181,2025-06-02 11:24:08.822155
579,36.74,424,2025-06-02 19:35:53.227844
580,43.39,252,2025-06-03 04:45:15.845029
581,44.69,315,2025-06-01 15:42:47.606710
582,49.53,212,2025-06-02 01:10:03.529701
583,5.69,217,2025-06-02 10:55:11.277610
584,39.17,139,2025-06-02 13:19:58.387196
585,9.77,103,2025-06-02 22:02:58.581678
586,16.31,484,2025-06-02 14:30:52.110256
587,31.15,154,2025-06-01 06:51:59.807002
588,18.13,466,2025-06-02 15:27:37.126781
589,4.76,282,2025-06-03 04:04:44.523532
590,19.29,468,2025-06-02 18:54:58.409893
591,15.65,208,2025-06-01 08:23:04.486334
592,11.84,229,2025-06-03 03:15:09.206336
593,7.67,443,2025-06-02 08:33:45.466683
594,29.79,176,2025-06-02 08:31:32.073241
595,44.51,377,2025-06-02 03:55:06.890457
596,17.16,486,2025-06-02 12:19:15.706823
597,19.24,334,2025-06-02 08:42:10.524101
598,2.06,156,2025-06-02 08:22:51.068795
599,47.18,335,2025-06-02 08:53:44.184726
600,19.73,319,2025-06-02 05:34:52.061874
601,24.29,462,2025-06-02 13:25:01.919665
602,30.47,401,2025-06-02 12:57:52.153082
603,20.18,265,2025-06-01 06:25:14.362471
604,11.8,362,2025-06-01 21:16:57.453336
605,4.11,375,2025-06-03 00:18:51.500797
606,19.33,356,2025-06-01 13:03:04.563302
607,1.78,189,2025-06-02 11:12:58.293180
608,13.15,393,2025-06-01 04:14:28.838302
609,35.99,391,2025-06-02 15:26:36.938318
610,22.58,386,2025-06-02 13:37:07.681933
611,1.26,120,2025-06-01 15:04:23.449471
612,20.74,204,2025-06-01 01:36:32.936895
613,20.57,387,2025-06-02 13:28:51.214149
614,18.69,411,2025-06-01 13:29:34.238183
615,1.32,293,2025-06-01 23:09:10.178645
616,36.74,461,2025-06-02 11:45:52.146367
617,2.51,123,2025-06-02 16:25:13.203048
618,10.24,206,2025-06-02 23:42:04.603568
619,21.84,195,2025-06-01 22:47:50.773297
620,3.75,160,2025-06-01 18:16:16.857996
621,12.09,368,2025-06-02 00:35:40.071778
622,8.45,126,2025-06-03 06:40:46.425436
623,23.49,265,2025-06-01 03:19:36.497506
624,29.81,163,2025-06-02 22:38:48.015378
625,32.68,261,2025-06-02 05:29:56.993016
626,1.54,371,2025-06-01 22:10:21.253245
627,35.75,205,2025-06-01 04:25:54.369275
628,19.31,429,2025-06-02 20:36:19.416008
629,30.7,380,2025-06-02 01:48:16.533956
630,30.67,450,2025-06-01 13:33:44.577999
631,19.11,171,2025-06-02 01:59:10.660360
632,23.58,251,2025-06-03 02:07:51.468599
633,42.73,364,2025-06-02 08:12:34.596399
634,17.31,360,2025-06-02 00:12:02.496755
635,16.91,154,2025-06-02 07:24:43.540741
636,33.75,178,2025-06-01 07:58:59.729095
637,45.26,194,2025-06-01 11:07:22.224111
638,17.22,493,2025-06-02 12:54:31.944170
639,4.89,115,2025-06-01 21:43:07.511295
640,12.51,434,2025-06-01 07:48:16.568343
641,18.52,381,2025-06-02 09:47:38.523245
642,22.4,489,2025-06-02 17:10:33.840890
643,7.09,221,2025-06-01 01:08:09.863770
644,37.92,262,2025-06-02 22:25:42.860075
645,17.86,342,2025-06-02 01:47:44.267581
646,18.37,206,2025-06-01 17:37:36.387992
647,43.43,244,2025-06-01 13:54:54.663105
648,37.16,103,2025-06-02 00:30:16.795151
649,14.26,181,2025-06-02 23:20:40.152592
650,3.2,157,2025-06-01 19:04:25.279229
651,13.27,107,2025-06-02 21:31:04.251634
652,25.35,342,2025-06-03 06:25:18.250997
653,32.47,464,2025-06-02 20:15:09.934719
654,12.25,284,2025-06-03 04:37:10.169033
655,48.34,285,2025-06-01 15:10:13.598673
656,42.39,298,2025-06-02 03:29:05.656449
657,34.1,384,2025-06-02 14:52:44.899741
658,41.92,405,2025-06-02 03:31:23.428825
659,12.38,199,2025-06-02 01:37:45.563475
660,23.39,210,2025-06-01 15:50:57.169956
661,7.34,181,2025-06-02 19:20:05.919537
662,3.17,444,2025-06-01 18:40:21.088423
663,33.86,108,2025-06-02 03:40:49.348797
664,27.64,262,2025-06-01 21:40:26.024762
665,12.05,318,2025-06-01 08:06:07.796807
666,48.4,461,2025-06-01 14:56:03.282254
667,10.59,240,2025-06-02 09:04:33.299559
668,43.22,189,2025-06-03 02:23:34.520059
669,40.47,134,2025-06-02 05:40:00.896106
670,17.72,138,2025-06-01 08:28:57.429486
671,40.3,224,2025-06-02 18:39:14.949440
672,30.03,453,2025-06-02 10:43:02.002455
673,20.94,343,2025-06-02 18:36:10.946831
674,4.4,279,2025-06-02 23:00:56.568682
675,42.54,434,2025-06-03 00:56:26.815838
676,7.69,394,2025-06-01 00:54:01.999841
677,23.24,276,2025-06-02 07:20:26.653529
678,27.36,301,2025-06-02 04:33:08.984911
679,27.66,447,2025-06-01 21:30:20.666271
680,14.52,453,2025-06-01 14:35:29.109421
681,49.15,328,2025-06-02 17:44:20.806125
682,35.69,302,2025-06-03 05:41:30.250126
683,14.21,147,2025-06-01 00:14:18.853609
684,26.96,374,2025-06-02 01:16:42.006533
685,13.08,261,2025-06-01 00:19:06.768011
686,33.34,201,2025-06-01 09:50:39.429636
687,48.72,270,2025-06-01 18:34:44.292615
688,12.94,431,2025-06-01 02:03:26.093333
689,10.25,345,2025-06-01 16:16:30.092524
690,32.14,202,2025-06-02 11:56:58.965730
691,39.76,491,2025-06-02 04:22:18.898652
692,10.31,380,2025-06-01 08:40:21.935604
693,27.01,210,2025-06-01 00:54:47.467088
694,26.01,154,2025-06-01 17:16:05.920430
695,42.46,240,2025-06-01 00:48:15.159972
696,38.62,132,2025-06-01 12:10:10.506736
697,5.98,300,2025-06-02 15:53:16.003338
698,30.63,164,2025-06-02 19:07:25.009115
699,46.71,379,2025-06-02 00:12:38.394298
700,26.33,113,2025-06-02 21:30:45.382790
701,32.35,112,2025-06-01 19:09:28.412954
702,23.35,193,2025-06-02 17:04:02.552036
703,26.18,418,2025-06-02 22:39:56.763619
704,19.91,469,2025-06-02 08:26:02.904289
705,15.26,222,2025-06-03 06:10:52.400303
706,37.15,471,2025-06-01 15:04:53.063883
707,7.08,267,2025-06-02 07:52:15.220011
708,20.19,371,2025-06-01 14:32:55.062214
709,23.63,101,2025-06-01 02:29:21.451451
710,47.88,230,2025-06-01 09:41:51.622858
711,19.81,469,2025-06-03 06:29:30.247465
712,45.34,438,2025-06-03 07:06:40.054263
713,12.26,230,2025-06-02 20:20:08.899373
714,17.3,279,2025-06-01 08:34:55.099090
715,42.43,475,2025-06-01 01:14:26.624396
716,23.16,361,2025-06-02 00:17:24.065023
717,26.26,281,2025-06-01 09:39:03.201242
718,43.53,248,2025-06-01 10:10:57.621185
719,49.35,242,2025-06-02 13:53:09.808071
720,2.83,208,2025-06-01 17:29:18.016405
721,8.71,405,2025-06-02 04:05:52.610716
722,45.93,219,2025-06-01 06:36:11.233811
723,23.07,435,2025-06-01 02:16:26.071205
724,38.91,344,2025-06-02 04:29:38.624258
725,14.21,241,2025-06-02 08:58:49.767200
726,38.27,192,2025-06-01 13:58:50.133875
727,41.8,307,2025-06-02 16:30:02.960070
728,18.17,444,2025-06-02 10:06:34.217279
729,33.79,418,2025-06-01 20:29:18.375654
730,30.96,494,2025-06-02 16:54:21.196040
731,1.87,221,2025-06-02 23:32:31.527700
732,8.83,433,2025-06-02 15:31:42.171109
733,27.2,371,2025-06-02 04:31:33.755297
734,32.85,388,2025-06-03 04:11:45.591140
735,35.32,433,2025-06-02 19:14:19.883747
736,49.07,318,2025-06-02 15:18:33.534766
737,7.74,492,2025-06-01 08:17:08.869445
738,7.68,344,2025-06-01 22:06:18.432283
739,30.32,110,2025-06-01 21:12:35.502752
740,25.28,178,2025-06-03 03:02:33.724430
741,48.1,414,2025-06-02 03:11:51.189909
742,29.03,253,2025-06-02 08:46:22.742193
743,24.94,417,2025-06-01 18:56:14.931484
744,45.0,242,2025-06-03 01:47:26.995413
745,13.03,290,2025-06-01 14:51:25.457756
746,25.72,283,2025-06-03 01:28:03.119156
747,20.93,473,2025-06-02 19:35:11.358873
748,27.68,306,2025-06-01 11:29:24.009100
749,24.83,490,2025-06-02 05:51:55.948020
750,13.02,433,2025-06-02 07:43:26.293751
751,11.95,311,2025-06-03 03:48:02.831542
752,20.39,279,2025-06-01 07:33:31.905541
753,35.94,344,2025-06-01 00:03:37.143238
754,9.12,139,2025-06-01 14:51:17.940714
755,15.21,403,2025-06-01 07:58:49.234249
756,22.34,463,2025-06-02 13:18:07.010209
757,4.75,193,2025-06-03 04:21:52.731444
758,21.74,409,2025-06-02 10:42:11.398435
759,47.03,344,2025-06-02 11:11:44.592670
760,10.5,242,2025-06-01 16:30:54.772296
761,47.85,147,2025-06-03 04:10:53.865101
762,6.21,295,2025-06-02 22:00:55.775064
763,22.8,498,2025-06-02 15:28:45.255334
764,28.8,146,2025-06-02 11:59:10.552931
765,27.94,304,2025-06-01 18:16:48.867131
766,37.25,410,2025-06-02 15:26:51.911189
767,4.83,415,2025-06-02 06:25:23.798064
768,48.31,104,2025-06-02 04:25:01.985054
769,25.28,471,2025-06-02 23:59:08.684816
770,45.78,439,2025-06-02 17:27:35.465307
771,20.77,434,2025-06-02 08:54:25.201099
772,9.41,335,2025-06-02 15:42:35.313003
773,47.49,200,2025-06-01 11:22:09.852684
774,13.52,332,2025-06-01 23:45:10.492547
775,38.59,499,2025-06-02 20:09:26.857620
776,11.15,406,2025-06-01 00:34:48.186618
777,48.05,405,2025-06-02 11:53:21.037332
778,41.28,429,2025-06-01 14:01:13.111882
779,36.56,360,2025-06-02 00:44:11.996126
780,49.95,265,2025-06-01 08:13:40.773893
781,47.4,473,2025-06-01 00:15:11.100708
782,27.16,375,2025-06-02 09:18:07.778490
783,4.27,148,2025-06-02 13:41:53.939544
784,44.16,263,2025-06-02 06:16:21.743472
785,40.56,349,2025-06-01 08:14:15.731594
786,23.06,435,2025-06-01 23:54:26.411371
787,46.17,298,2025-06-01 16:22:08.597770
788,13.0,278,2025-06-01 04:17:25.734991
789,4.8,110,2025-06-02 00:10:38.334365
790,34.05,253,2025-06-02 03:42:21.833392
791,44.43,245,2025-06-02 12:58:24.436702
792,13.92,115,2025-06-02 23:19:11.606352
793,48.44,451,2025-06-01 19:32:05.436498
794,30.08,176,2025-06-03 01:03:57.305838
795,21.98,274,2025-06-02 20:52:10.638197
796,12.15,246,2025-06-02 16:34:35.154072
797,7.12,481,2025-06-03 07:32:52.441555
798,31.96,283,2025-06-01 02:33:46.898540
799,36.63,203,2025-06-02 10:57:11.946259
800,23.57,383,2025-06-02 00:12:07.811751
801,26.62,327,2025-06-01 13:15:20.950710
802,37.41,439,2025-06-02 08:59:33.864220
803,35.11,245,2025-06-02 09:36:21.982352
804,34.3,246,2025-06-03 03:42:29.183943
805,33.01,404,2025-06-01 12:22:09.206058
806,3.43,405,2025-06-01 15:38:09.057623
807,38.62,407,2025-06-01 01:29:21.332355
808,23.82,168,2025-06-03 01:19:42.979776
809,7.31,358,2025-06-02 09:20:48.434203
810,46.95,417,2025-06-02 14:13:12.231962
811,13.55,162,2025-06-01 00:11:36.607209
812,15.94,202,2025-06-01 17:52:31.210990
813,29.99,353,2025-06-01 11:57:54.392238
814,24.68,238,2025-06-02 09:43:05.223038
815,4.9,409,2025-06-01 18:31:22.107143
816,18.04,391,2025-06-03 00:12:51.382101
817,17.95,430,2025-06-02 04:24:01.806890
818,35.21,115,2025-06-02 02:02:49.719897
819,49.98,245,2025-06-02 03:03:28.026881
820,38.25,381,2025-06-01 07:48:21.492424
821,9.08,102,2025-06-03 02:58:06.435723
822,30.06,339,2025-06-01 22:12:00.432551
823,48.18,132,2025-06-02 17:42:39.651409
824,45.94,218,2025-06-03 00:40:29.262344
825,21.21,128,2025-06-02 05:11:42.180717
826,38.3,290,2025-06-02 08:16:52.449047
827,43.79,246,2025-06-01 12:54:35.593134
828,12.28,381,2025-06-01 03:43:59.389893
829,24.43,350,2025-06-02 22:31:56.102218
830,12.9,266,2025-06-03 02:29:42.803497
831,15.02,268,2025-06-01 20:20:17.697122
832,37.47,237,2025-06-02 11:46:38.147921
833,10.68,323,2025-06-03 05:40:36.858656
834,34.03,243,2025-06-03 00:25:57.519087
835,36.17,295,2025-06-03 02:49:18.984573
836,43.54,427,2025-06-01 14:48:33.138295
837,5.81,153,2025-06-02 04:31:48.879311
838,39.38,432,2025-06-01 14:40:28.803699
839,9.39,247,2025-06-01 02:47:20.543051
840,6.08,418,2025-06-02 05:39:56.237340
841,27.43,257,2025-06-02 20:29:50.330606
842,47.26,345,2025-06-01 00:25:02.446509
843,23.74,233,2025-06-02 03:08:20.718253
844,5.12,340,2025-06-03 05:02:08.730787
845,38.33,152,2025-06-02 20:50:03.421112
846,18.85,494,2025-06-01 01:11:42.141595
847,34.75,231,2025-06-02 01:19:31.901863
848,10.46,134,2025-06-02 16:53:58.032679
849,45.01,229,2025-06-02 05:44:37.455289
850,31.53,426,2025-06-02 10:01:10.706213
851,12.82,325,2025-06-02 19:29:33.128881
852,23.64,300,2025-06-02 15:48:43.622872
853,14.27,340,2025-06-01 10:24:23.231575
854,8.44,132,2025-06-01 03:16:12.023909
855,23.36,377,2025-06-01 02:45:17.740948
856,11.82,439,2025-06-01 10:17:55.377271
857,15.61,134,2025-06-03 07:42:58.245041
858,27.79,152,2025-06-03 01:28:31.888691
859,18.56,335,2025-06-03 06:31:46.310769
860,35.13,251,2025-06-02 15:50:58.924024
861,14.03,227,2025-06-02 05:51:53.025302
862,5.95,459,2025-06-03 03:14:14.667286
863,14.89,125,2025-06-02 09:55:16.040060
864,30.78,160,2025-06-01 17:06:43.518898
865,6.5,158,2025-06-03 01:51:26.236646
866,5.3,105,2025-06-01 14:55:17.179566
867,5.59,283,2025-06-01 21:27:53.509059
868,22.56,351,2025-06-01 19:17:15.019341
869,8.56,237,2025-06-01 06:54:46.258830
870,49.71,234,2025-06-02 06:24:59.342384
871,13.25,260,2025-06-01 02:17:36.397065
872,4.71,465,2025-06-02 10:13:35.682737
873,28.28,145,2025-06-03 07:31:38.063231
874,31.9,444,2025-06-02 07:24:21.827590
875,37.81,451,2025-06-02 11:37:47.845605
876,26.87,418,2025-06-01 01:14:14.417235
877,26.81,256,2025-06-01 20:45:39.801997
878,27.92,308,2025-06-01 10:07:40.262942
879,24.11,335,2025-06-02 04:46:43.943483
880,28.97,439,2025-06-01 04:26:18.679809
881,17.4,480,2025-06-01 23:11:39.587644
882,41.08,172,2025-06-01 00:38:20.884037
883,6.03,263,2025-06-01 08:25:39.396332
884,17.5,341,2025-06-02 01:24:36.850632
885,38.22,423,2025-06-01 16:05:26.621367
886,49.2,233,2025-06-01 21:26:14.944480
887,9.68,183,2025-06-02 14:10:26.661728
888,24.46,350,2025-06-02 09:35:26.778694
889,39.26,424,2025-06-01 08:34:50.882782
890,4.16,477,2025-06-02 12:12:30.859941
891,44.07,180,2025-06-02 03:57:04.304734
892,10.93,112,2025-06-01 11:32:52.707551
893,32.88,282,2025-06-02 00:48:59.044278
894,7.08,304,2025-06-03 07:39:05.607776
895,11.29,330,2025-06-01 23:25:27.859929
896,31.04,396,2025-06-02 11:24:36.856577
897,22.34,156,2025-06-02 16:51:54.284503
898,24.11,234,2025-06-01 09:20:06.511743
899,24.12,387,2025-06-01 23:07:45.942794
900,21.55,461,2025-06-03 00:16:44.578260
901,16.4,354,2025-06-01 07:34:47.180902
902,5.43,221,2025-06-03 01:48:25.582321
903,5.58,334,2025-06-03 01:13:24.652600
904,43.79,325,2025-06-03 03:36:10.668212
905,27.59,129,2025-06-02 23:18:01.259822
906,44.61,267,2025-06-01 09:53:28.470699
907,39.07,346,2025-06-01 16:04:33.732343
908,37.06,109,2025-06-01 22:25:30.809170
909,9.77,455,2025-06-01 22:02:22.020246
910,38.86,336,2025-06-02 12:24:32.295316
911,1.74,219,2025-06-02 18:34:49.440607
912,28.2,425,2025-06-01 17:50:44.666838
913,22.91,348,2025-06-02 22:57:19.292063
914,23.89,455,2025-06-02 18:38:53.384627
915,40.47,455,2025-06-02 06:56:24.016215
916,45.6,243,2025-06-03 04:54:54.737423
917,7.66,204,2025-06-03 04:49:10.718633
918,40.92,152,2025-06-01 04:27:13.774166
919,5.97,241,2025-06-02 15:47:25.077421
920,31.42,290,2025-06-02 15:15:26.428965
921,32.36,404,2025-06-01 10:12:19.557050
922,38.87,277,2025-06-01 22:44:46.286479
923,9.78,228,2025-06-02 20:22:41.175524
924,17.42,407,2025-06-01 02:18:28.252829
925,23.8,435,2025-06-02 14:58:35.925824
926,12.55,168,2025-06-01 23:25:58.487146
927,17.83,366,2025-06-01 03:33:11.409750
928,42.24,233,2025-06-01 20:27:50.072312
929,30.2,247,2025-06-02 09:57:33.906798
930,43.3,425,2025-06-02 15:45:52.136665
931,23.2,399,2025-06-02 12:23:43.033024
932,14.38,366,2025-06-02 04:09:34.191194
933,1.08,129,2025-06-01 16:56:31.558734
934,32.15,277,2025-06-01 11:03:02.343915
935,7.4,440,2025-06-02 18:56:15.859678
936,48.91,319,2025-06-01 11:01:32.817497
937,22.74,238,2025-06-02 07:37:24.768337
938,38.75,212,2025-06-03 00:25:25.876819
939,10.43,456,2025-06-01 17:05:18.378053
940,8.04,466,2025-06-01 03:59:54.764948
941,41.29,419,2025-06-01 23:03:34.495309
942,45.1,284,2025-06-01 05:39:07.702448
943,33.24,148,2025-06-02 02:29:03.634631
944,30.26,174,2025-06-01 18:31:32.988873
945,6.88,196,2025-06-03 04:22:38.212400
946,8.74,270,2025-06-01 04:22:18.571158
947,30.7,275,2025-06-01 07:46:53.150688
948,13.52,482,2025-06-02 17:50:04.131294
949,18.86,444,2025-06-03 04:31:17.255560
950,3.23,227,2025-06-01 10:29:55.162768
951,5.24,352,2025-06-02 11:28:47.808662
952,20.45,398,2025-06-02 13:03:09.490082
953,31.53,369,2025-06-01 09:43:11.811175
954,44.45,491,2025-06-01 21:30:33.724633
955,12.97,198,2025-06-01 17:04:30.988955
956,11.58,488,2025-06-03 06:15:57.461420
957,24.22,355,2025-06-02 12:31:43.715841
958,27.09,204,2025-06-03 07:31:43.763325
959,6.18,128,2025-06-02 06:14:15.550275
960,23.57,275,2025-06-01 10:38:28.623329
961,1.77,407,2025-06-03 02:47:49.571367
962,28.65,312,2025-06-02 00:44:46.423806
963,49.16,103,2025-06-02 08:13:04.614476
964,26.25,428,2025-06-01 09:34:38.265076
965,34.07,353,2025-06-02 17:17:56.784799
966,10.49,307,2025-06-01 19:26:06.357530
967,45.49,435,2025-06-01 11:47:24.160668
968,42.32,298,2025-06-01 16:54:45.896442
969,37.17,227,2025-06-01 22:45:31.472355
970,43.23,465,2025-06-01 16:56:53.659576
971,2.03,257,2025-06-03 01:12:24.284889
972,46.74,426,2025-06-01 08:34:04.229624
973,19.62,100,2025-06-01 09:01:36.837642
974,46.73,228,2025-06-02 15:33:00.545481
975,12.67,211,2025-06-01 09:55:06.536294
976,34.08,334,2025-06-01 03:31:58.600884
977,28.59,156,2025-06-02 06:52:24.232842
978,45.3,446,2025-06-01 02:27:13.950095
979,36.22,310,2025-06-01 10:36:51.971347
980,8.01,344,2025-06-02 13:41:44.715451
981,42.81,273,2025-06-03 06:51:39.814073
982,49.39,397,2025-06-01 22:12:26.133101
983,19.26,330,2025-06-01 14:05:08.484251
984,24.07,302,2025-06-02 16:10:32.826124
985,14.63,139,2025-06-01 00:25:11.865003
986,30.98,382,2025-06-03 07:30:34.799798
987,19.11,154,2025-06-02 12:47:00.297133
988,45.65,262,2025-06-02 19:31:29.637265
989,17.36,157,2025-06-01 17:02:15.546905
990,35.47,337,2025-06-01 05:35:40.885957
991,49.94,131,2025-06-02 06:18:02.342188
992,43.48,173,2025-06-03 02:49:49.165220
993,11.91,362,2025-06-01 10:41:17.356485
994,9.33,230,2025-06-01 18:39:57.282776
995,11.4,393,2025-06-02 21:13:50.586837
996,12.87,381,2025-06-02 16:25:46.082314
997,24.5,397,2025-06-02 06:21:25.833197
998,3.45,188,2025-06-02 15:52:54.995369
999,28.83,491,2025-06-02 23:06:10.804994
1000,44.78,374,2025-06-02 20:03:50.165105
