user_id,timestamp,amount,employer
1,2025-04-01 12:54:47.876967,22841,Johnson-Powers
2,2024-12-26 01:47:53.632046,33621,Anthony Inc
3,2024-12-19 19:49:51.494305,40608,Davis-Gilbert
4,2025-05-14 21:01:02.388193,16887,"Thomas, Coleman and Henry"
5,2025-04-01 00:22:53.307203,20961,Carter-Chambers
6,2025-05-19 05:33:06.900542,43044,Craig Ltd
7,2024-12-03 09:01:28.451799,19630,"Chapman, Johns and Russo"
8,2025-05-30 17:03:52.228216,18939,Torres-Turner
9,2025-02-14 12:35:51.444571,21979,"Jones, Baker and Price"
10,2025-03-09 06:45:26.249270,39155,"Abbott, Tucker and Stevens"
11,2024-12-25 02:55:58.105602,12765,"Thornton, Barrett and Williams"
12,2025-05-24 20:02:10.427621,30151,"Molina, Wallace and Carlson"
13,2024-12-22 08:58:22.462561,33751,Holmes Ltd
14,2025-02-27 19:57:18.724246,23042,Mercado-Martinez
15,2025-05-28 07:04:37.078892,18242,Mills-Martin
16,2025-01-21 10:34:42.752446,48607,Sharp LLC
17,2024-12-08 04:26:17.572530,44875,"Meyer, Reed and Henderson"
18,2025-01-26 11:34:14.317885,14639,Wilson-Arnold
19,2025-02-22 15:24:03.438926,30370,Sanders Group
20,2025-03-25 13:01:09.502755,29931,"Austin, Rogers and Hernandez"
21,2025-03-16 00:15:25.603290,40165,Davis-Castillo
22,2025-04-07 02:58:01.031401,20289,Carson Group
23,2025-02-24 20:49:19.901496,36502,Phillips Ltd
24,2025-04-21 23:00:37.952793,40268,"Smith, Mahoney and Shelton"
25,2025-05-21 21:30:30.373091,47709,White Ltd
26,2025-01-15 19:54:48.187936,46809,"Jones, Butler and Chavez"
27,2025-03-17 04:43:02.610427,49665,"Baker, Wilson and Thompson"
28,2025-01-16 13:38:05.202521,44692,George PLC
29,2024-12-11 21:47:16.228398,26470,"King, Phillips and Andrews"
30,2025-01-27 21:31:21.816660,19223,Wilson-Johnson
31,2025-01-10 23:45:02.855366,38605,Romero Group
32,2024-12-15 06:00:07.118124,38881,Campbell Group
33,2024-12-09 07:35:23.258799,23595,"Tyler, Villa and Frazier"
34,2025-04-08 08:43:17.716120,48918,"Stevens, Cole and Miller"
35,2024-12-30 04:12:01.828833,28788,"Davis, Sanders and Brown"
36,2025-03-10 11:53:43.759843,11330,Blankenship-Edwards
37,2025-05-04 18:40:28.006294,33693,Baxter-Turner
38,2025-02-25 06:59:14.516481,28252,"Williams, Watson and Hernandez"
39,2025-02-14 08:34:53.161383,20004,Montoya and Sons
40,2025-05-13 18:14:57.072976,24342,Walker Ltd
41,2024-12-13 02:13:27.036258,17579,Mckee Inc
42,2025-02-18 07:09:27.566601,16984,Thompson-Montes
43,2025-04-25 21:36:00.736198,29570,Weeks Inc
44,2024-12-03 22:45:44.431303,47811,Berger-Morton
45,2025-01-18 03:46:06.831855,18489,"Murphy, Floyd and Ruiz"
46,2025-02-21 04:44:42.540439,23974,Hodges LLC
47,2025-04-08 04:56:02.493382,34266,Griffin Inc
48,2025-05-11 17:07:54.926653,39028,Reynolds-Mendoza
49,2025-02-07 19:51:43.901888,12463,Sims Ltd
50,2025-04-01 17:03:20.811403,25737,Baxter PLC
51,2025-02-15 10:57:03.888669,27530,Lowe Ltd
52,2025-01-23 09:57:30.832911,30474,Garcia Inc
53,2025-01-23 01:05:04.576596,22309,Hayes-Allen
54,2025-04-20 11:08:37.079912,14678,Ritter Ltd
55,2024-12-07 04:42:19.920059,30707,"Rivas, Barker and Patterson"
56,2024-12-11 10:17:47.162832,34137,"Humphrey, Mcmillan and Russell"
57,2025-01-14 13:25:23.821135,18683,Wiggins-Finley
58,2025-05-04 19:37:50.853132,21095,"Shea, Lee and James"
59,2025-02-03 05:05:33.399681,12232,King-Kennedy
60,2025-01-24 14:10:01.255472,46335,Santos and Sons
61,2025-01-19 01:29:47.204546,32040,Carter-Diaz
62,2025-04-20 16:48:39.289727,34660,"Jones, Brown and Walker"
63,2025-01-19 22:22:58.402224,36413,Johnson Ltd
64,2025-01-29 16:13:02.551538,43307,"Barrett, Booth and Johnson"
65,2024-12-08 10:35:34.376039,32625,Williams-Wilson
66,2025-04-15 07:36:14.391866,21495,Hodge-Lee
67,2025-04-26 06:21:35.389037,40674,Gallagher-Obrien
68,2025-05-14 02:33:30.156363,42339,Lewis-Ferguson
69,2025-01-26 14:14:30.820697,20548,"Barnett, Hawkins and Morales"
70,2024-12-13 04:04:06.503420,25868,"Hopkins, Daniels and Holmes"
71,2025-05-25 08:38:39.982630,11309,"Carter, Nelson and Wright"
72,2025-04-23 15:37:49.811412,21141,"Murray, Moore and Alvarado"
73,2025-04-30 16:50:24.596010,27892,Nelson Ltd
74,2025-05-16 15:18:04.210053,35433,"Smith, Sullivan and Schmidt"
75,2025-05-12 12:43:39.847950,10557,Miller Group
76,2025-03-18 00:31:16.867866,47061,Powell Inc
77,2025-02-01 18:49:41.895786,42392,"Sandoval, Kennedy and Martinez"
78,2025-03-22 08:16:37.826876,35046,Hill Group
79,2025-05-10 14:33:09.372583,39210,"Martin, Chan and Melendez"
80,2025-01-21 02:02:22.795481,14975,Mccoy-Cox
81,2024-12-10 09:43:43.232117,43576,Bartlett-Hayes
82,2025-05-27 13:18:26.460895,29955,Murray LLC
83,2025-01-26 03:35:20.092759,25324,"Daniel, Phillips and Hernandez"
84,2024-12-28 02:07:12.142589,20790,Montes-Williams
85,2025-02-19 19:00:23.022974,47666,"Velasquez, Brennan and Thompson"
86,2025-02-10 21:53:35.469090,33862,"Ray, Taylor and Schmitt"
87,2025-06-02 11:29:37.066600,38880,Kane-Alvarez
88,2025-02-05 00:56:18.965599,22855,Rodriguez-Garcia
89,2025-04-21 18:01:20.071459,31285,"Mccormick, Goodwin and Miller"
90,2025-01-28 09:25:39.345171,48938,Harding Ltd
91,2025-01-26 23:30:53.814059,21687,Gentry-Buchanan
92,2025-04-17 20:53:14.621511,16679,Savage-Reid
93,2024-12-02 21:29:49.094063,25443,Wright and Sons
94,2025-06-01 01:49:57.486318,20996,"Berger, Wilson and Blair"
95,2025-06-01 02:22:42.271086,38167,"Brown, Davis and Reeves"
96,2024-12-20 14:10:06.252883,30279,Mccall Group
97,2024-12-04 19:18:06.192594,44767,"Callahan, Kelly and Owens"
98,2025-06-02 05:29:25.470666,17225,Ferguson and Sons
99,2024-12-07 05:43:08.326559,13950,Rose-Bass
100,2025-02-06 18:16:38.972424,40160,Harrell-Lynch
101,2025-01-17 14:19:29.821368,28256,"Roberson, Galvan and White"
102,2025-01-19 22:35:39.483048,26160,Miller and Sons
103,2025-05-17 13:41:35.461762,31255,Johnson Group
104,2024-12-06 00:02:29.064838,24851,Tucker-Shepard
105,2025-06-02 03:52:24.140785,30982,Good-Brown
106,2025-03-02 08:05:18.595499,27528,"Joyce, Weaver and Shaw"
107,2025-05-05 18:49:57.822995,11518,"Velasquez, Horne and Henderson"
108,2025-01-01 21:50:10.312678,29012,"Freeman, Ford and Rodriguez"
109,2024-12-22 06:44:34.675128,44890,Brewer Ltd
110,2025-05-13 02:29:14.327089,25582,Mclaughlin and Sons
111,2025-05-15 19:01:52.436187,13172,"Taylor, Smith and Forbes"
112,2025-02-19 12:00:11.779097,25018,"Hernandez, Brown and White"
113,2025-05-14 10:32:31.829150,18894,Mitchell-Davis
114,2025-04-30 09:36:32.979606,33091,Webb Group
115,2025-02-18 12:17:02.214713,11931,Thompson-Davila
116,2025-05-12 11:22:06.089079,19192,Sandoval-Sullivan
117,2025-05-31 02:28:23.467562,23843,Pierce-Wheeler
118,2025-04-10 07:46:44.777923,25923,"Russell, Davis and Watson"
119,2025-04-18 06:11:29.429880,19161,"Leach, Parsons and Freeman"
120,2024-12-04 19:36:55.378563,19938,Robinson and Sons
121,2025-02-27 12:34:03.591402,12620,Sparks LLC
122,2025-05-22 23:29:36.534261,48242,"Russell, Fernandez and Lin"
123,2025-04-25 10:11:26.007128,21723,"Wilson, Carter and Patterson"
124,2025-04-08 22:02:29.575986,14631,"Acevedo, Reyes and Mejia"
125,2025-02-22 05:26:21.727864,49900,James PLC
126,2025-04-15 06:31:34.719978,33467,Chan-Allen
127,2024-12-25 13:41:40.761292,14719,"Bell, Dickerson and Campbell"
128,2025-03-02 09:41:39.026722,36774,"Smith, Parker and Miller"
129,2025-02-14 08:50:30.324959,45693,"Carter, Wilson and Mosley"
130,2025-02-27 16:09:50.620326,23653,Norris Inc
131,2025-02-13 18:02:49.978849,31989,"Rich, Barnes and Johnson"
132,2025-02-02 10:58:20.173615,21159,"Kelly, Henderson and Leon"
133,2025-01-29 01:43:40.755486,29606,Floyd and Sons
134,2025-02-07 13:14:10.226472,10456,Stephenson Group
135,2025-03-12 20:07:59.738673,15338,Johnson Group
136,2024-12-24 10:27:09.605212,48823,Martin Ltd
137,2025-01-30 13:01:30.284699,25287,"Hansen, Abbott and Sweeney"
138,2025-04-23 03:07:30.398856,15901,"Washington, Patel and Ortiz"
139,2025-04-07 11:03:39.727061,36920,Johnson PLC
140,2024-12-17 03:48:51.749601,45463,Hamilton-Brown
141,2025-02-12 11:58:53.781622,22409,"Cabrera, Payne and Walters"
142,2025-03-22 18:28:37.080624,11033,Collins LLC
143,2025-02-16 09:52:00.492091,34714,Clark-Davis
144,2025-04-02 06:35:36.604859,43734,Gibson-Leach
145,2025-04-08 11:49:18.073201,12763,Fox Ltd
146,2025-01-17 14:57:03.351821,37108,Kim-Mooney
147,2025-02-05 07:23:41.220363,39354,"Scott, Johnson and Greer"
148,2025-05-15 13:51:19.248393,13272,Reynolds-Porter
149,2025-01-01 15:29:19.667100,22362,"Young, Jones and Martinez"
150,2025-05-26 21:35:50.455504,38013,"Mueller, Cochran and Saunders"
151,2025-02-13 23:45:27.406677,11872,Johnson-Goodwin
152,2025-01-02 16:12:20.077036,38735,Clark PLC
153,2025-02-25 17:26:00.303026,40776,Conway and Sons
154,2025-01-26 21:05:00.258101,24484,Hess Ltd
155,2025-05-18 22:37:09.584991,20224,"Bennett, Smith and Acevedo"
156,2025-01-10 21:55:02.897271,44370,"Bruce, Frazier and Rivera"
157,2025-01-12 22:19:39.752901,31191,Johnson Ltd
158,2025-04-15 02:18:08.267555,44507,Wilson-Harrington
159,2024-12-22 14:26:33.693465,35527,Frank and Sons
160,2024-12-08 21:59:27.508543,19707,Cook Ltd
161,2025-02-26 07:37:25.438285,48196,"Jacobs, Williams and Dyer"
162,2025-01-04 04:27:29.736869,39316,Stewart Ltd
163,2025-03-28 21:24:52.478973,41136,Marsh-Sandoval
164,2025-04-16 06:02:11.068825,12996,"Harvey, Moore and Miller"
165,2025-03-26 11:23:41.552415,46632,"Stewart, Smith and Allen"
166,2025-05-10 16:38:11.791031,37444,Atkins Group
167,2025-03-26 08:33:39.600616,18138,Robinson-Cox
168,2025-05-21 16:07:52.186543,34604,"Powers, Carr and Cook"
169,2025-02-16 08:35:51.596765,28672,Williams-Wells
170,2025-05-19 17:37:35.198730,14148,"Henson, George and Rowe"
171,2025-04-04 20:32:30.250429,48563,Hall Inc
172,2025-05-20 16:50:11.575802,48037,Martinez Ltd
173,2025-03-11 02:38:47.549834,45550,Cabrera Inc
174,2025-05-18 22:47:16.687151,17308,"Taylor, Best and Romero"
175,2025-01-22 03:05:36.721253,30558,Nguyen PLC
176,2024-12-11 00:09:17.537014,17280,"Osborne, Sanchez and Watson"
177,2025-06-02 19:28:16.737932,38099,Hayden-Henry
178,2025-04-23 11:31:54.547217,13939,"White, Barrera and Ortega"
179,2024-12-16 22:41:29.352257,21926,Matthews and Sons
180,2025-02-10 18:57:04.938791,22855,"Lee, Hunt and Shelton"
181,2024-12-08 09:18:32.714597,42212,Reynolds Group
182,2025-03-22 00:50:38.816115,40420,Williams and Sons
183,2025-04-04 01:27:16.952395,35740,Pham PLC
184,2025-01-22 07:37:01.438496,48158,"Barron, Ferguson and Myers"
185,2025-01-24 19:21:31.067393,39849,James-Davis
186,2025-03-24 11:31:20.423661,34200,"Stone, Spence and Green"
187,2025-03-23 08:08:43.747691,33865,"Rose, King and Sherman"
188,2025-04-21 22:47:44.203886,26164,"Arellano, Lewis and Bradley"
189,2025-02-02 05:46:19.772604,32078,Allen Ltd
190,2025-01-08 22:55:06.968123,35697,Chen PLC
191,2025-04-25 18:27:09.922843,41973,Jackson-Hale
192,2024-12-10 16:31:09.264225,34419,Williams-Richardson
193,2024-12-27 11:23:03.498218,39445,Dawson Inc
194,2024-12-13 21:11:21.530989,36471,"Golden, Parker and Cruz"
195,2025-03-13 01:43:32.907977,30050,Brock-Norman
196,2025-03-28 04:40:47.599111,10982,Donovan Ltd
197,2025-03-14 01:42:10.328364,35797,Oconnell-Stark
198,2024-12-26 21:40:14.306856,38050,Herman PLC
199,2025-05-18 05:44:21.380514,34864,"Swanson, Taylor and Gray"
200,2025-02-19 15:45:59.914168,21480,"Walker, Andersen and Ferrell"
201,2025-01-02 03:05:42.378604,40757,Diaz-Hill
202,2025-01-22 13:57:17.315582,40909,"Rodriguez, Wilkins and Armstrong"
203,2025-05-13 21:47:00.820706,10454,Mitchell Ltd
204,2024-12-22 06:21:24.086553,18892,Monroe Inc
205,2025-02-28 00:01:07.508857,11626,Peterson Inc
206,2025-03-17 13:46:39.647107,28002,"Bradley, Guzman and Shaffer"
207,2025-02-09 16:14:27.705931,42209,Medina PLC
208,2024-12-31 07:53:48.458005,42219,"Parker, Smith and Mckenzie"
209,2024-12-29 18:35:17.095877,23660,Howell Inc
210,2025-01-04 14:22:54.281379,20390,Hammond-Thomas
211,2025-06-02 20:42:40.914840,45138,Sullivan Group
212,2025-03-18 02:16:40.244510,30142,"Herrera, Petersen and Koch"
213,2025-02-02 14:07:22.635177,34907,"Hardin, Haas and Stevens"
214,2025-01-21 20:32:03.563295,11213,Mann Inc
215,2024-12-06 07:44:54.753356,12466,"Nichols, Pennington and Wilson"
216,2024-12-15 18:00:30.954707,23701,Dawson-Dean
217,2025-01-31 23:53:00.923509,32048,Cook-Schneider
218,2025-02-20 01:54:33.552211,37067,"Brown, Camacho and Kemp"
219,2025-03-12 08:04:49.356435,22179,Bradley PLC
220,2025-01-30 07:14:10.773398,22280,Thompson Inc
221,2025-03-05 22:44:38.930755,34970,Cain Group
222,2025-01-23 22:30:34.472449,11165,Barry and Sons
223,2025-01-04 12:11:01.192034,21425,Phillips Group
224,2024-12-13 12:52:28.807531,13372,Schneider LLC
225,2024-12-30 03:28:01.425385,30438,Houston and Sons
226,2025-03-27 10:07:39.631155,48727,Alvarez-Warren
227,2025-04-07 14:38:13.178389,17547,Jones PLC
228,2025-02-18 23:58:03.642844,45917,"Ortiz, James and Payne"
229,2025-03-04 02:29:17.597540,44453,Smith-Edwards
230,2025-04-29 05:22:13.331006,37739,"Edwards, Bell and Collins"
231,2025-01-07 12:51:39.774073,33537,"Lopez, Mccoy and Richards"
232,2025-02-27 05:52:33.790312,38957,"Beard, Stein and Steele"
233,2025-03-23 08:46:26.195107,46987,Baldwin-Barnes
234,2025-05-26 01:09:53.842555,12184,"Miller, Ward and Jackson"
235,2025-03-06 04:13:50.364925,16191,Sullivan and Sons
236,2025-05-03 18:36:43.481680,21997,"Hanna, Cohen and Cooper"
237,2025-01-17 11:51:40.375997,41827,Walker-Scott
238,2025-01-04 21:00:40.141693,30896,Stafford Inc
239,2025-02-25 18:46:47.010590,14370,Clark-Hanson
240,2025-03-16 08:19:21.129906,48388,"Jones, Peterson and Scott"
241,2025-05-13 00:03:54.926865,36176,Hendricks and Sons
242,2025-02-13 14:30:32.238796,10671,Lopez-Banks
243,2025-01-19 15:57:39.773726,32200,"Romero, Morris and Moore"
244,2025-02-28 21:28:31.413792,29326,Bradley and Sons
245,2025-05-14 07:59:53.313472,42324,Welch PLC
246,2025-03-02 12:47:50.598874,49813,Taylor-Moore
247,2025-01-18 01:40:36.577885,45043,Davis Inc
248,2025-05-25 07:10:28.463117,23338,"Burke, Mason and Schneider"
249,2025-03-14 22:49:05.698725,39035,Madden-Bell
250,2025-04-02 07:34:44.067582,38602,"Garcia, Phillips and Wolfe"
251,2024-12-11 09:48:42.534025,32580,"Rodriguez, White and Heath"
252,2025-03-27 14:13:15.138562,26572,Jackson-Bright
253,2025-02-04 00:31:43.166434,37249,Howell-Bennett
254,2025-05-24 10:36:52.130479,40177,Bell-Miller
255,2025-02-04 22:18:57.701838,29299,Parrish and Sons
256,2025-01-16 22:58:51.227306,37628,Kent-Tyler
257,2025-05-16 17:51:31.327595,31061,Ray LLC
258,2024-12-09 10:43:53.148150,47892,Smith-Fields
259,2025-04-22 06:30:46.375574,49762,"Zimmerman, Alexander and Mooney"
260,2025-03-31 16:52:35.262835,48943,"Choi, Guzman and Harrison"
261,2025-02-21 14:02:03.326796,14276,Chavez PLC
262,2025-01-07 04:44:49.814366,42123,"Romero, Kelly and Davis"
263,2024-12-12 11:23:25.501119,19895,Collins-Miller
264,2025-03-09 11:55:40.577003,28684,"Jones, Rodriguez and Pace"
265,2025-01-18 07:03:40.987824,20948,Mccarty and Sons
266,2025-02-15 18:12:29.260194,48419,"Adams, Collier and Palmer"
267,2025-02-10 07:59:06.880647,33867,"Williams, Miller and Diaz"
268,2025-04-12 13:54:08.427306,41146,Fry-Schroeder
269,2025-05-31 06:38:19.364466,33300,"Davenport, Palmer and Mitchell"
270,2025-04-27 13:21:59.668590,15542,Scott Inc
271,2025-03-25 11:50:17.631218,43315,Shaffer-Cooke
272,2025-03-17 02:52:52.106739,46854,Sharp LLC
273,2025-05-28 06:55:43.303593,33123,"Vance, Williams and Andrews"
274,2025-03-26 02:30:43.608782,14444,Morrison LLC
275,2025-04-20 15:25:09.422690,24064,Parker-Snyder
276,2025-02-10 07:59:53.686048,39194,Williams and Sons
277,2025-04-17 17:56:02.234036,25089,"Robinson, Norris and Stokes"
278,2025-04-02 22:02:12.912712,31087,Miller-Stout
279,2025-01-31 15:48:47.783822,47352,Smith-Thomas
280,2025-02-21 23:37:42.096095,31502,"Taylor, Dennis and Zuniga"
281,2025-01-14 16:09:18.161356,22997,Mclean Inc
282,2025-03-19 11:06:31.764303,14175,Page-Johnson
283,2025-06-03 06:26:00.774301,43712,Knox-Mcguire
284,2025-03-28 09:07:03.008527,39868,Patton-Morgan
285,2025-05-18 12:27:13.513963,35557,Brown Group
286,2025-04-18 09:36:08.996249,33443,Duffy-Meyers
287,2025-03-01 08:26:13.654056,38452,Lambert and Sons
288,2025-03-19 09:54:50.645751,14555,Potter-Dunn
289,2024-12-24 11:32:11.447617,18958,Porter PLC
290,2025-04-04 04:50:17.151190,29283,Salazar-Nguyen
291,2025-05-22 19:32:40.575685,12696,Hammond-Bowman
292,2025-03-11 10:01:37.993434,25653,Lewis LLC
293,2024-12-08 14:20:57.163839,10843,"Schmidt, Craig and Tanner"
294,2025-04-08 17:11:58.589135,18073,Rowland-Herrera
295,2025-02-16 03:28:38.323413,44742,Mccormick Inc
296,2025-04-24 01:44:50.286407,32889,Lewis-Lozano
297,2025-04-21 04:08:15.342658,38202,Rocha-Jackson
298,2025-03-14 16:42:52.357222,37139,Wang-Miranda
299,2025-01-09 10:40:06.618354,31737,Williams-Brown
300,2024-12-30 21:05:11.285234,14703,"Juarez, Garcia and Graves"
301,2025-05-11 08:03:30.587915,12431,Hamilton-Evans
302,2024-12-23 14:07:03.595274,39818,Kennedy-Edwards
303,2025-03-06 06:36:44.166630,37510,Thompson-Mejia
304,2025-04-27 09:22:17.335866,18510,"Neal, Young and Ayers"
305,2025-03-12 07:46:07.226264,24922,Hammond-Sullivan
306,2025-03-29 18:46:36.516879,35254,Martin-Stein
307,2025-02-01 09:33:32.050515,40912,"Martin, Martin and Harris"
308,2025-05-02 14:14:25.020166,33994,Watson Ltd
309,2025-03-11 00:33:22.253714,40253,Coffey LLC
310,2025-04-14 19:37:29.026933,45151,Paul-Harrell
311,2025-04-08 14:58:52.269602,45040,Peters and Sons
312,2025-05-09 17:43:27.605353,35834,"Gibbs, Jimenez and Fernandez"
313,2024-12-18 21:08:07.044889,39248,Santiago-Ball
314,2025-03-21 07:29:06.069001,40455,Anderson PLC
315,2025-02-24 13:58:22.236835,47039,"Simmons, Farmer and Johnson"
316,2025-03-23 18:03:28.421960,11264,"Jordan, White and Brown"
317,2025-01-29 03:04:43.085126,37343,Robinson PLC
318,2025-05-25 17:49:06.795831,24231,Vasquez-Chang
319,2025-05-24 02:12:17.972291,45687,Pacheco-Brewer
320,2025-02-16 22:16:00.830409,42552,Rogers-Hill
321,2025-02-11 04:02:03.472068,23414,Garcia-Mendez
322,2024-12-24 19:07:41.701296,33750,Carson Inc
323,2025-01-10 00:36:03.996837,23866,Downs-Miller
324,2025-04-19 20:25:38.500615,21436,Coleman-Bradshaw
325,2025-01-06 11:20:40.087906,10436,"Hayes, Smith and Haynes"
326,2025-01-26 16:25:57.001673,30154,Hudson and Sons
327,2024-12-18 14:14:30.825950,25992,Strickland-Guerra
328,2025-05-18 02:52:46.448016,25630,"Smith, Moore and Baker"
329,2025-03-11 20:45:12.341074,13077,Rogers-Curtis
330,2025-05-06 11:26:30.651315,30075,"White, Bennett and Nash"
331,2025-02-12 18:20:50.972550,12244,Martin PLC
332,2024-12-23 15:15:00.640627,41404,Watson-Roman
333,2025-01-14 01:28:27.536694,26639,Rodriguez-Meza
334,2025-01-09 04:56:41.436070,31968,"Chen, Moore and Garcia"
335,2025-01-19 16:56:02.660610,49945,"Ford, Blair and Jackson"
336,2025-02-16 23:57:14.533107,31183,Mclaughlin-Moore
337,2025-05-07 09:48:21.040539,26972,"Freeman, Butler and Goodwin"
338,2025-02-28 14:16:49.690222,23077,Crawford-Lin
339,2025-04-13 09:19:36.477703,41167,Gray and Sons
340,2024-12-16 11:35:49.794434,21053,Vasquez LLC
341,2025-01-21 17:15:58.876173,27223,Fletcher Ltd
342,2025-01-01 19:05:54.066052,38877,Holder-Smith
343,2025-03-22 06:08:58.442894,18720,Brown-Harper
344,2025-03-06 09:06:06.104486,38274,"Boone, Olson and Freeman"
345,2025-01-21 02:59:27.985720,31640,Rice PLC
346,2025-03-23 08:22:10.423452,43170,"Molina, Martinez and Alvarez"
347,2025-02-28 00:05:47.989865,24751,Williams-Wright
348,2025-04-04 02:14:40.428257,25218,Evans-Ray
349,2025-01-23 22:55:52.266740,18670,Guzman LLC
350,2025-05-26 00:03:02.644493,49999,"Gordon, Dunn and Fuller"
351,2025-02-26 12:37:27.885175,30254,Ryan Ltd
352,2025-01-28 20:00:18.844984,47230,Wilson and Sons
353,2024-12-12 16:24:42.261089,49847,"Allen, Hale and Clay"
354,2024-12-31 00:05:26.895076,48906,"Lambert, Hayes and Stanley"
355,2024-12-25 20:26:15.170146,10442,Dunn LLC
356,2025-02-22 07:12:13.440433,39156,"White, Sharp and King"
357,2025-06-01 23:00:54.166288,16723,"Anderson, Flowers and Smith"
358,2025-05-02 01:38:45.045530,21277,Harper Inc
359,2025-01-24 20:52:07.448078,35368,"Robinson, Best and Kelly"
360,2025-05-13 02:00:05.814139,44765,"Glover, Carr and Miller"
361,2025-05-10 08:07:48.412984,35464,Martinez PLC
362,2025-03-23 09:27:40.684975,30677,King Ltd
363,2025-01-27 15:32:47.310778,26790,Miller Ltd
364,2025-04-13 21:30:38.187632,36120,Knight-Bennett
365,2025-03-31 07:35:40.012835,10334,Black-Garcia
366,2025-04-20 21:07:59.471439,43891,"Smith, Gonzalez and Holloway"
367,2025-01-05 16:24:10.973752,43990,Quinn-Fox
368,2025-01-05 07:17:20.119864,44330,Long-Sharp
369,2025-01-28 21:33:26.507027,21472,"Kelly, Green and Rogers"
370,2025-05-13 01:47:22.677180,31165,Roth-Delgado
371,2025-01-01 01:08:53.782561,21264,Beasley-Henry
372,2025-02-09 23:45:26.591731,45286,"Hart, Schultz and Hudson"
373,2025-02-02 20:34:32.094829,45604,Lewis Group
374,2025-05-02 05:19:23.733580,40121,"Watkins, Powers and Bruce"
375,2024-12-19 19:22:14.746974,29865,"Thomas, Murphy and Anthony"
376,2025-03-06 18:20:06.563870,10887,Burton-Garcia
377,2025-03-11 18:06:45.217367,29865,Brown-Murray
378,2025-01-31 12:05:13.687338,46561,Williams and Sons
379,2025-02-01 20:59:15.540601,20341,Morris Group
380,2025-01-03 14:09:52.583646,23449,"Willis, Cruz and Jennings"
381,2025-03-27 19:54:48.355048,47465,Mcdonald LLC
382,2025-02-02 05:51:15.023888,17611,Ross-Martin
383,2025-03-06 05:52:20.351554,34725,"Miller, Brewer and Tapia"
384,2025-05-07 21:37:27.685929,38927,"Austin, Holmes and Jones"
385,2025-03-31 18:31:51.917949,26244,"Dean, Mcintyre and Meadows"
386,2025-01-20 21:31:40.507893,33998,"Cruz, Alvarado and Garcia"
387,2025-02-27 23:32:32.193454,14779,Walton-Wise
388,2025-03-26 03:32:59.661858,19707,Rush Group
389,2025-02-28 11:09:26.361597,26975,"Williams, Jensen and Lopez"
390,2025-03-20 02:20:44.380198,32348,"Jackson, Kelly and Bartlett"
391,2025-01-23 21:28:44.992910,17610,Miller-Jones
392,2025-01-05 12:26:28.257677,43566,Kelley and Sons
393,2024-12-19 06:11:53.786751,19477,Garza Ltd
394,2025-02-10 02:58:15.206689,22050,Little-Rose
395,2025-02-17 04:40:24.584279,24383,Smith Ltd
396,2025-05-27 00:02:09.380790,15249,"Elliott, Williamson and Barry"
397,2025-01-04 19:18:56.001581,25167,Boyer-Rodriguez
398,2024-12-21 08:23:05.358969,16752,Herman-Kline
399,2025-02-04 14:57:12.584454,49344,"Briggs, Taylor and Ramirez"
400,2025-02-03 13:45:28.250201,35208,"Perez, Thompson and Young"
401,2025-01-12 21:48:12.927907,39166,"Thompson, Cain and Bennett"
402,2025-04-27 08:20:12.916650,26739,"Rollins, Short and Clark"
403,2025-05-06 17:58:52.836106,23394,Simpson-Vasquez
404,2025-02-27 16:59:10.509643,46346,"Nolan, Thomas and Vasquez"
405,2025-02-10 16:17:26.143533,42630,Reyes LLC
406,2025-04-06 14:00:26.022920,25867,Pollard-Brown
407,2025-02-25 03:18:58.068300,14101,Snow Ltd
408,2025-02-17 21:26:30.632401,39129,"Rogers, Nelson and Jones"
409,2024-12-13 13:46:10.907325,30017,Smith-Hughes
410,2025-05-27 15:46:38.085842,26697,"Williams, Davis and Anderson"
411,2025-04-10 03:03:30.271549,45663,"Ramirez, Anderson and Morris"
412,2025-01-23 08:09:32.566184,15094,Wade LLC
413,2025-02-18 04:12:06.167116,26557,Schmitt PLC
414,2025-04-28 06:44:30.580258,21391,"Kennedy, Walters and Bonilla"
415,2025-01-19 02:37:12.989131,10996,"Vazquez, Mccann and Christensen"
416,2024-12-10 04:38:23.804507,10145,Martinez-Hunt
417,2024-12-29 20:03:06.728670,43616,Li-Pennington
418,2025-02-27 03:25:13.111180,31794,Benton-Ruiz
419,2025-03-30 20:32:05.771793,26314,Simmons-Chavez
420,2025-01-27 23:35:58.579023,13943,Nelson Ltd
421,2025-06-01 09:32:51.713979,19213,"Terry, Phillips and Church"
422,2025-01-31 09:01:23.014737,23699,Spencer-Pitts
423,2025-03-15 16:48:44.959875,48569,Garza Ltd
424,2025-05-20 23:33:13.183647,32898,King-Stevens
425,2025-05-24 21:07:05.717852,11471,"Burns, Patterson and Acevedo"
426,2025-04-26 05:19:30.547656,42504,Rowland Ltd
427,2025-01-26 18:18:30.381957,19313,Daniel-Jackson
428,2024-12-18 10:09:40.495731,31445,Ramsey-Harris
429,2025-01-16 04:02:57.133133,20829,"Tran, Owens and Thompson"
430,2025-03-11 22:01:42.604331,25798,Douglas Group
431,2025-04-21 15:40:38.066665,15151,Hickman-Johnson
432,2024-12-06 16:05:19.460633,15720,"Cherry, Walker and Singh"
433,2025-04-20 15:03:53.432755,20270,"Howell, Gardner and Smith"
434,2025-02-11 08:00:11.205506,39293,"Carter, Medina and Woods"
435,2025-04-25 02:40:21.538718,45181,Guerrero-Thompson
436,2025-02-17 12:08:37.096657,22963,Martin and Sons
437,2025-02-04 13:38:51.574095,34715,Garcia Inc
438,2025-02-27 00:54:35.835203,10960,Carpenter-Rogers
439,2025-01-22 01:32:57.155044,18426,"Stewart, Turner and Daniels"
440,2025-04-30 20:14:01.449126,42145,"Christian, Carter and Harris"
441,2025-06-02 17:11:12.766438,19021,Duncan-Olson
442,2024-12-16 03:43:46.825322,12121,"Rice, Smith and Velasquez"
443,2025-02-19 11:28:20.075711,33008,"White, Cantu and Fletcher"
444,2025-04-23 00:56:59.550130,42471,Eaton PLC
445,2025-04-17 10:55:34.736675,47029,Harris Group
446,2025-01-31 00:07:09.758108,25098,Terrell PLC
447,2025-04-11 05:48:28.369146,45032,Miranda Inc
448,2025-05-26 23:17:43.998676,11563,"Curtis, Beck and Reynolds"
449,2025-02-21 00:00:14.786928,23431,"Fletcher, Mercer and Bell"
450,2025-02-28 16:42:28.960873,11829,Thomas Inc
451,2024-12-03 02:19:22.296657,21193,Martin Ltd
452,2025-03-30 11:12:31.841793,10767,"Anderson, Moore and Miller"
453,2025-04-12 15:31:42.751392,21402,"Ruiz, Jones and Wang"
454,2025-05-23 19:51:50.517937,26131,Berry-Perez
455,2025-04-03 16:30:04.442142,23354,Nichols-White
456,2025-02-21 12:53:39.096881,30663,Hughes-Anderson
457,2025-01-13 05:07:36.165146,49943,"Bullock, Beasley and Ritter"
458,2025-01-19 18:07:13.132017,16483,Smith-Martin
459,2025-05-18 08:38:26.597711,33216,Horne-Wilson
460,2025-04-02 04:54:58.971455,19548,Washington-Silva
461,2025-04-22 22:17:47.819758,36024,Mclean Group
462,2025-02-02 17:31:36.852646,33433,Ward-Gonzales
463,2025-01-01 09:13:48.055955,40431,Mckay PLC
464,2025-05-16 05:56:07.163292,13160,Miller Inc
465,2025-05-06 08:01:06.633932,26995,"Hancock, Oconnor and Cooper"
466,2024-12-21 15:34:06.496265,47979,Francis-Leach
467,2024-12-31 19:36:00.529208,36878,"Mendez, Morse and Sweeney"
468,2025-03-21 00:38:16.889475,13006,"Wood, Taylor and Wilson"
469,2024-12-03 09:30:15.631195,32685,Ballard-Garner
470,2025-01-20 00:57:45.146692,13088,"Chan, Mckinney and Valdez"
471,2024-12-25 10:02:01.990702,31620,"Thomas, Jackson and Gaines"
472,2025-03-01 02:26:21.578276,17187,Maldonado Ltd
473,2025-02-16 07:59:09.543524,46190,York-Cox
474,2025-01-31 08:20:03.266803,37074,"Jones, Kirk and Wise"
475,2025-05-30 07:54:12.303006,47474,Garcia Ltd
476,2025-01-18 16:11:39.070078,39531,Short-Martin
477,2024-12-18 17:22:51.601710,20701,Lopez-Johnston
478,2025-04-15 15:10:09.585813,48608,Smith-Russell
479,2025-01-14 21:45:11.523713,19283,Norman-Gonzales
480,2025-02-15 02:45:19.126308,13012,Mendez Inc
481,2025-04-19 10:23:29.263837,17112,"Salinas, Powers and Hernandez"
482,2025-02-28 13:17:12.914990,35305,"Martin, Meza and Shaw"
483,2025-01-25 22:04:44.607834,29345,Lee Ltd
484,2025-03-16 23:03:18.325311,23812,"Obrien, Smith and Brown"
485,2025-04-19 07:16:46.881969,39408,Davis-Avila
486,2024-12-17 00:31:26.814763,48718,Simon-Mcknight
487,2025-01-24 06:21:09.956021,39592,Reid-Montgomery
488,2025-04-02 04:06:18.986510,37715,"Ford, Kim and Mcfarland"
489,2025-03-14 18:11:52.861203,41450,Dawson-Kim
490,2025-03-24 15:05:35.155491,18349,Navarro-Ellis
491,2025-02-28 00:20:18.312941,31307,"Smith, Trujillo and Downs"
492,2025-05-10 17:31:50.614053,22220,Sullivan-Jones
493,2025-04-17 15:01:54.974141,13445,Sullivan-Perez
494,2025-05-01 05:50:55.243751,31124,Wilson-Jackson
495,2025-05-29 13:49:02.798519,32841,Adkins-Anderson
496,2025-04-27 12:45:14.478683,18017,Strickland-Stevens
497,2025-05-29 19:21:01.185350,27475,Johnston-Schwartz
498,2024-12-31 14:27:38.679365,42815,"Barker, Day and Taylor"
499,2025-03-10 05:48:31.637806,17234,Jacobson Ltd
500,2025-02-11 21:38:17.836059,22865,"Petersen, Lane and Walker"
501,2025-05-12 07:11:03.336121,22708,Smith-Gates
502,2025-02-26 02:10:07.903053,28978,Anderson-Chung
503,2025-02-04 13:37:28.832612,20838,Wallace Group
504,2025-05-31 20:15:27.985576,49319,Suarez-Simpson
505,2025-01-03 16:46:37.531642,45097,Scott-Good
506,2025-01-29 23:36:11.137810,16803,Turner-Caldwell
507,2025-02-23 16:59:17.878783,38053,Weeks-Guzman
508,2025-02-16 21:54:16.197575,39126,Delgado-Mcneil
509,2025-06-01 01:37:00.727880,40976,Velez-Robbins
510,2024-12-17 03:45:21.518172,28959,Durham Ltd
511,2025-05-05 20:08:15.646011,47170,Wagner Inc
512,2025-02-03 04:11:32.018534,30771,Hill PLC
513,2025-05-12 00:41:10.870149,10454,Ruiz Inc
514,2025-01-13 05:26:40.414639,44484,Wolf-Glenn
515,2025-06-02 21:15:14.148230,43126,Santos-Hernandez
516,2025-03-12 20:16:01.301043,15803,"Vazquez, Dixon and Smith"
517,2025-01-14 04:38:59.494908,35184,Martin-Edwards
518,2025-04-16 18:43:36.264282,36664,Harris-Garcia
519,2025-05-23 21:17:29.120707,45860,"Reed, Scott and Carpenter"
520,2025-02-10 00:04:55.238200,12002,Stein Ltd
521,2025-05-11 12:38:21.391886,32705,Moore Inc
522,2024-12-22 21:31:23.563459,34213,Sanders-Gates
523,2025-01-25 02:02:38.939507,46615,"Roman, Moore and Barnes"
524,2025-05-26 17:43:49.504492,13389,Zhang and Sons
525,2025-01-27 16:09:41.289278,46193,Henderson LLC
526,2024-12-19 07:13:04.072953,11753,"Davis, Perry and Jackson"
527,2025-05-22 16:47:35.163226,21576,"Hamilton, Johnson and Hanson"
528,2025-01-17 02:37:13.502826,10385,Gonzales Inc
529,2025-02-22 00:42:55.757524,34061,Hernandez PLC
530,2025-02-08 08:30:58.390383,38064,"Costa, Rasmussen and Pacheco"
531,2025-03-22 18:45:23.998929,28337,Scott-Garrett
532,2025-01-25 13:05:55.152523,28727,Perez Group
533,2025-06-01 00:54:20.497637,39319,Lambert-Webb
534,2025-04-04 06:26:15.779711,36954,Mills LLC
535,2025-05-01 17:04:36.803233,46848,Brown-Bullock
536,2025-01-23 09:26:08.255861,28440,Vega-Weber
537,2025-02-19 00:40:42.701994,40830,Rios-Ibarra
538,2025-06-01 06:50:57.707594,21754,"Morris, Ewing and Cervantes"
539,2025-02-19 08:01:55.294609,22008,Montgomery-Lowe
540,2025-02-22 10:36:29.962959,37808,Chapman and Sons
541,2025-05-10 13:46:30.029561,13640,"Black, Page and Santos"
542,2025-03-28 01:38:41.008975,11871,"Morgan, Mills and Ray"
543,2025-05-25 03:31:18.964180,45231,"Long, Ward and Norris"
544,2025-03-05 22:48:16.078066,18895,Roberts PLC
545,2025-01-07 02:16:10.365028,31415,Hendrix PLC
546,2024-12-13 22:14:33.271175,25296,"Rodriguez, Cabrera and Turner"
547,2025-04-11 16:03:53.411354,35619,Castillo Inc
548,2024-12-21 18:54:16.459550,46491,Evans-Drake
549,2025-01-15 06:23:56.330694,27533,Jones PLC
550,2025-04-24 01:23:22.432370,10808,Nguyen Inc
551,2024-12-09 01:35:23.649003,20291,"Turner, Sullivan and Thomas"
552,2025-05-05 00:40:18.584947,12680,Jennings LLC
553,2025-04-11 15:08:39.916726,35002,Barron LLC
554,2025-03-27 18:23:49.441053,40830,Vargas-Carter
555,2025-02-01 21:40:18.106204,36130,Jenkins and Sons
556,2025-05-01 01:33:57.915119,42197,Perez and Sons
557,2025-03-20 03:33:38.972374,31057,Key-Garcia
558,2025-05-20 06:46:09.362368,27436,Brown Ltd
559,2025-01-27 18:46:14.480259,44738,Bell-Martinez
560,2025-05-20 02:19:45.895162,37493,Smith-Thompson
561,2025-01-16 23:06:58.254270,28046,"Martinez, Arnold and Hernandez"
562,2025-03-30 08:57:07.928370,23664,Wilson-Mccarthy
563,2024-12-22 18:04:14.907517,30653,Smith Ltd
564,2025-01-13 06:03:39.092672,35319,King-Sanders
565,2025-01-26 18:37:52.726002,20833,"Martin, Mcmillan and Montoya"
566,2025-03-21 13:32:21.339843,38489,"Butler, Taylor and Mayo"
567,2025-03-15 01:19:24.192981,19195,Cross Group
568,2024-12-10 03:08:48.261266,33026,"George, Baker and Richards"
569,2025-03-13 04:57:04.293055,33545,Harris-Moore
570,2025-02-10 00:03:05.744630,26375,Hernandez-Huang
571,2025-01-24 18:19:46.686138,13501,"Osborne, Burgess and Young"
572,2025-02-14 06:22:55.329994,33865,"Singleton, Davis and Randall"
573,2025-05-19 16:24:37.623286,20108,"Perkins, Jimenez and Fox"
574,2025-02-25 11:21:35.494657,19460,"Hernandez, Glenn and Carter"
575,2025-03-29 20:45:00.146318,39680,Delacruz Group
576,2025-04-09 02:08:42.239601,16098,Jimenez-Ware
577,2024-12-12 12:14:47.201114,18422,"Clay, Jones and Myers"
578,2025-02-17 04:35:27.102349,40696,Ruiz Inc
579,2025-02-20 10:42:44.897117,10904,Hopkins-Andersen
580,2025-02-06 17:42:52.806018,38859,"Yang, Anthony and Erickson"
581,2025-05-21 16:24:37.632812,24664,Cabrera Group
582,2025-02-22 01:12:11.243831,38402,Lewis-Sanchez
583,2025-03-10 08:52:02.995070,29642,Brown-Sharp
584,2025-02-06 23:50:56.648996,45772,"Colon, Porter and Weber"
585,2025-01-14 09:06:26.457448,13672,Nguyen Group
586,2025-03-29 15:37:19.372576,42795,"Walker, Wall and Griffin"
587,2024-12-16 13:41:49.487583,13723,Adkins LLC
588,2025-04-10 23:48:45.981205,22522,Baker-Ramos
589,2025-01-12 15:35:09.603125,36195,Klein-Mcgee
590,2024-12-21 22:35:43.101068,36134,Adams and Sons
591,2025-02-02 01:22:42.410924,19444,Franklin Inc
592,2025-01-10 23:55:34.166165,34491,Erickson Group
593,2025-02-27 14:27:50.024515,18917,"Hensley, Rodriguez and Sosa"
594,2025-02-04 12:33:15.749134,18605,"Harrington, Horn and Diaz"
595,2025-01-06 08:12:10.233302,41452,Kirk-Combs
596,2025-03-29 05:38:29.232879,47009,Villanueva Inc
597,2025-02-14 06:01:28.271042,27771,"Townsend, Estrada and Flores"
598,2025-05-17 06:22:55.327780,39334,Kent-Alexander
599,2024-12-15 05:49:41.699432,47825,Figueroa Inc
600,2025-01-04 10:27:33.067593,15265,Thomas-Mckinney
601,2025-01-06 07:03:20.284060,23164,"Martinez, Morris and Nash"
602,2025-01-12 10:20:49.271218,36952,"Morrow, Berger and Campbell"
603,2025-03-21 13:41:37.972854,37917,Rice-Porter
604,2025-03-02 22:11:22.547978,17843,Cordova-Davis
605,2025-03-28 16:49:27.599161,11029,Torres Ltd
606,2025-03-17 06:27:30.525958,33513,"Henderson, Macdonald and Ramirez"
607,2025-04-06 19:12:13.635622,29099,"Wilson, Mueller and Wilson"
608,2025-03-01 08:32:13.903363,26284,Hunt Group
609,2024-12-10 06:13:21.237648,20432,"Camacho, Moore and Rodriguez"
610,2025-05-18 08:40:44.609362,20695,Parsons PLC
611,2024-12-10 04:00:28.999610,10514,Stein-Lozano
612,2025-03-30 01:56:21.937277,24001,Washington-Booth
613,2025-04-18 03:52:18.796554,31236,Paul-Williams
614,2025-02-14 01:05:42.242764,42811,"Gomez, Thompson and Holloway"
615,2025-02-13 16:11:59.228712,49595,Simpson PLC
616,2024-12-28 22:54:31.230140,46446,"Hansen, Acosta and Landry"
617,2025-02-16 06:10:15.831664,42528,Williams Inc
618,2025-04-12 02:37:35.585748,10843,"Holden, Hughes and Higgins"
619,2024-12-14 09:14:03.650738,40254,Nolan Inc
620,2025-04-04 06:19:28.758933,39898,"Humphrey, Riggs and Garrison"
621,2025-03-12 21:21:56.926095,25490,Cole-Barron
622,2025-05-27 13:33:13.114486,34268,"Payne, Robles and Jones"
623,2025-02-26 15:48:58.048690,30510,Carter Ltd
624,2025-05-26 17:54:00.662081,42779,Hughes-Willis
625,2025-04-06 04:04:18.665134,22668,Weaver-Carter
626,2025-01-15 16:41:27.994672,24326,"Schmidt, Williams and Jones"
627,2024-12-06 07:25:11.662176,34676,Vega Ltd
628,2025-01-31 17:14:09.756925,27185,Clark PLC
629,2025-04-17 12:29:34.613794,32615,Smith Ltd
630,2025-03-10 13:18:20.371765,28819,Johnson Group
631,2024-12-17 04:15:32.796470,43710,Oconnell-Anderson
632,2025-05-16 23:29:52.911572,44344,Jimenez-Byrd
633,2025-02-18 11:46:42.934729,22731,Jones-Fisher
634,2024-12-27 19:42:52.962132,22894,Porter-Kelly
635,2025-02-16 05:11:36.453697,11850,House LLC
636,2024-12-21 01:49:58.742431,46328,Horne-Wise
637,2025-01-27 18:31:11.496357,19700,"Anderson, Gomez and Stanton"
638,2025-05-10 10:12:19.274400,18784,Jones Inc
639,2025-02-07 22:11:36.228655,43058,Brown-Gonzalez
640,2024-12-07 18:03:31.114688,43487,"Strickland, Charles and Lewis"
641,2025-01-02 19:28:23.566494,15443,Zhang-Lopez
642,2025-05-25 15:55:00.199340,40406,Obrien-Phillips
643,2025-05-21 13:57:10.611043,27354,Harris PLC
644,2024-12-18 02:50:59.877894,28454,"Myers, Lucas and Adkins"
645,2025-03-01 21:08:54.346499,48544,Cobb-Knight
646,2025-02-25 01:30:13.156958,10900,"Aguirre, Rogers and Johnson"
647,2025-05-26 00:25:43.945401,34502,Gibson-Fleming
648,2025-04-14 19:49:22.100099,43961,Thompson PLC
649,2025-04-22 18:51:32.261922,41807,King-Parker
650,2024-12-09 05:05:40.193759,39524,"Miller, Rodriguez and Williams"
651,2025-04-06 03:30:53.844825,16520,Stewart-Hampton
652,2025-02-27 19:40:01.252902,34631,Castro-Pineda
653,2025-04-19 12:08:09.240568,11539,"Simpson, Washington and Hart"
654,2025-04-10 17:42:01.274535,14949,"Green, Rodriguez and Alvarado"
655,2025-02-17 11:19:39.020944,27840,Ramirez-Newman
656,2025-01-19 12:48:47.192560,36837,Washington-Cline
657,2025-03-31 16:55:15.322515,44114,Stevens-Burnett
658,2024-12-08 20:48:30.261843,27978,Barnes LLC
659,2025-04-21 05:00:14.003721,25253,Hernandez Ltd
660,2025-04-12 09:27:36.838496,19624,"Harris, Garner and Scott"
661,2025-03-16 16:21:33.435828,30493,Fowler Group
662,2025-05-29 10:03:24.849117,40516,Miller LLC
663,2024-12-16 06:06:51.825107,25021,Gibson-Colon
664,2025-03-02 08:04:38.074642,40986,Williamson-Tucker
665,2025-01-12 19:17:30.681891,39222,"Vargas, Pearson and Perry"
666,2025-02-03 03:38:06.485823,17323,Foster-Smith
667,2025-03-02 19:52:46.393235,10933,Jones Ltd
668,2024-12-30 14:10:28.999258,34612,Mcdonald Inc
669,2025-01-10 03:23:31.553922,27612,Love-Mckinney
670,2025-01-27 19:57:24.517596,30835,Burgess Group
671,2025-03-03 11:48:08.289569,21826,Pineda Group
672,2024-12-25 12:03:45.426607,38535,"Contreras, Golden and Vazquez"
673,2025-03-29 03:33:04.495707,32719,Strong Ltd
674,2025-02-13 18:40:27.258044,15051,Winters Ltd
675,2025-01-26 07:59:32.057963,36551,Pope-Thompson
676,2025-03-21 22:55:53.017478,33002,"Harrison, Mercado and Griffith"
677,2024-12-23 06:43:41.209430,15248,Robbins-Harrison
678,2025-04-07 04:54:27.637009,26476,Santiago-Kennedy
679,2025-02-23 20:32:48.092169,23744,"Wang, Carter and Gray"
680,2024-12-31 14:11:31.697967,11928,"Pennington, Johnson and Walker"
681,2025-01-31 18:02:18.239141,22667,Harris-Phillips
682,2025-04-30 22:18:43.224377,33667,"Wright, Stanley and Ramos"
683,2024-12-17 03:54:55.612187,33623,Scott-Hooper
684,2025-03-16 15:03:16.431476,12721,"Tucker, Yates and Mueller"
685,2025-04-28 10:30:59.298239,44426,Snyder Inc
686,2025-04-08 17:54:47.303688,28428,"Rivera, Allen and Roberts"
687,2025-01-13 22:59:47.781750,26196,"Reid, Jones and Anthony"
688,2025-03-11 04:04:03.129332,49772,Rodriguez-Fisher
689,2024-12-07 21:21:52.932836,18750,Jones-Vasquez
690,2025-02-26 08:12:55.011456,42142,Smith PLC
691,2025-03-14 22:23:08.011551,44143,"Hayes, Lewis and Fisher"
692,2025-05-22 18:44:59.712795,47897,"Thornton, Robinson and Blair"
693,2025-05-21 01:02:46.714486,38641,Dalton-Snyder
694,2024-12-21 18:57:31.019185,18772,Flowers Inc
695,2025-03-04 02:34:38.728689,24984,Bradley-Bailey
696,2025-04-10 03:06:17.787743,46986,Cowan Ltd
697,2025-01-17 20:04:41.933942,16019,Crawford-Moore
698,2025-04-20 07:10:27.741030,44655,Nelson and Sons
699,2025-04-16 19:32:07.635601,43243,Conley-Benjamin
700,2025-05-31 00:45:42.109502,22623,"Dunn, Barton and Olsen"
701,2024-12-30 18:49:22.218970,34892,Hartman-Ortega
702,2025-01-31 14:42:55.575173,13586,Clarke-Hill
703,2024-12-17 13:26:39.677985,30511,Robles Inc
704,2025-04-13 16:18:53.230907,35630,Smith Inc
705,2025-01-07 02:22:07.518863,16229,Ford-Alexander
706,2025-01-15 10:44:31.427182,18206,Perez-Cline
707,2025-05-01 04:49:18.924532,20605,Cantrell-Simmons
708,2025-02-18 18:35:16.241030,38814,"Smith, Miller and Thomas"
709,2025-01-31 23:56:37.545254,43609,"Marsh, Lynch and Parker"
710,2025-04-18 02:59:10.332407,45534,Moran-Martin
711,2025-02-09 19:17:06.597812,42546,Turner Ltd
712,2025-03-24 01:45:24.632512,33107,Hamilton and Sons
713,2025-01-15 12:31:13.008039,36230,Moore Inc
714,2025-04-08 18:21:09.812534,43744,"Benton, Shah and Pineda"
715,2025-02-05 21:42:56.119861,30247,"Perry, Cooper and Page"
716,2025-01-28 02:52:33.979140,49914,Stuart-Wilson
717,2025-05-06 05:42:51.347457,17289,Bowman Group
718,2025-04-17 13:07:59.361808,30029,Morrison Ltd
719,2025-01-15 22:23:06.873590,17778,"Gray, King and Rush"
720,2025-03-10 04:06:41.660290,48666,"Jones, Williams and Smith"
721,2025-03-10 19:29:29.886247,44591,"Hendricks, Turner and Kaufman"
722,2025-02-11 08:58:18.530738,16076,Jones Ltd
723,2025-04-04 13:42:42.246966,15235,Walters PLC
724,2025-03-01 17:27:43.104590,39057,"Craig, Garcia and Caldwell"
725,2025-04-02 03:55:55.274520,45822,Grant-Weaver
726,2025-05-19 11:49:43.528405,17725,Fox Group
727,2025-01-19 03:59:56.196395,20115,Kerr-Hernandez
728,2025-05-16 17:45:04.392230,48723,Jones-Cook
729,2025-01-27 04:14:33.721916,20568,"Mccarthy, Richardson and Johnson"
730,2025-03-04 20:14:06.547393,41306,Stephens LLC
731,2024-12-20 00:13:13.354627,49424,"Wagner, Hawkins and Foster"
732,2025-04-03 10:58:07.907842,10925,Barnes PLC
733,2025-02-07 01:54:32.604146,23302,"Wells, Hanna and Leach"
734,2025-02-14 05:16:10.751034,46891,Dominguez PLC
735,2025-03-29 03:08:50.921998,18428,"Flowers, Johnson and Greene"
736,2025-04-23 07:52:43.344184,43362,Bailey PLC
737,2024-12-15 09:16:43.520350,18687,Henderson-Yates
738,2025-04-23 00:42:43.274200,40227,Hernandez-Tran
739,2025-05-03 18:04:16.022850,48521,Gonzalez-Washington
740,2025-02-04 02:19:07.384348,13768,"Moore, Davenport and Jones"
741,2025-04-24 21:37:10.240724,48630,"Jones, Davis and Gallagher"
742,2025-04-07 01:42:11.183996,25502,Whitaker-Lopez
743,2025-03-30 23:23:51.256192,33796,"Turner, Fields and Cooper"
744,2025-05-22 13:34:59.305115,46363,Page-Garcia
745,2025-02-25 20:19:06.411670,43440,Lynch-Simmons
746,2025-05-10 17:15:59.119604,45326,"Lucas, Saunders and Harris"
747,2025-01-17 22:04:03.385884,11615,"Edwards, Howard and Cruz"
748,2025-05-03 10:28:32.840314,30638,"Mckay, Rice and Nguyen"
749,2024-12-30 17:09:38.441928,22841,Scott Ltd
750,2025-05-30 01:31:30.866183,12910,"Paul, Miller and Bailey"
751,2024-12-24 20:18:03.012495,36562,Heath LLC
752,2025-03-29 00:39:21.104787,32367,Singleton and Sons
753,2025-02-23 14:46:10.590241,43479,Martin-Cruz
754,2025-01-02 23:25:07.072029,21644,"Stout, Romero and Coleman"
755,2025-06-02 20:47:34.363366,47030,Gutierrez Group
756,2025-03-16 00:07:14.799931,32523,Moore PLC
757,2025-01-22 18:22:11.380120,40133,Moreno-Scott
758,2025-04-30 11:32:12.940718,16092,Mendez-Evans
759,2025-01-12 21:03:33.224087,10045,Steele-Kim
760,2025-01-22 19:27:02.763446,26860,Jackson and Sons
761,2025-03-02 00:55:29.702287,12043,Harrison Group
762,2025-05-03 19:41:34.229480,28840,Nelson-Bates
763,2024-12-21 20:09:52.346713,44183,"Holmes, Davis and Cooper"
764,2025-05-27 14:50:27.521049,11990,Scott Group
765,2025-03-08 21:33:03.827901,39888,"Jenkins, Barber and Marquez"
766,2025-03-15 03:26:22.406278,28924,"Gates, Rivera and Campbell"
767,2025-02-13 22:31:21.144144,44400,Johnson and Sons
768,2025-01-01 04:51:58.583584,31302,Weeks Group
769,2025-05-09 07:18:49.394184,16625,Price-Lewis
770,2025-01-11 02:26:08.545944,19975,Johnson-Mays
771,2024-12-21 22:09:10.236077,36237,Smith and Sons
772,2025-03-05 20:05:29.786749,34894,"Pearson, Erickson and Chandler"
773,2025-03-23 10:38:52.352151,45942,"Weeks, Cannon and Wilson"
774,2025-03-16 13:09:44.212052,49312,Bender-Robinson
775,2025-02-04 18:16:50.216615,12049,Bush-Lewis
776,2025-01-12 05:18:40.776627,15929,"Black, Davis and Sullivan"
777,2025-02-15 10:34:48.287529,49331,"Walker, Sullivan and Watkins"
778,2025-05-29 23:09:13.061136,10188,Davis Ltd
779,2025-01-08 08:54:32.051534,20625,Owen-Armstrong
780,2025-05-13 22:34:32.703891,32366,Odom PLC
781,2025-03-25 04:49:32.295855,21395,Hernandez Group
782,2025-04-29 22:58:28.865283,37849,James-Patton
783,2025-05-22 05:23:30.057861,27292,Hall PLC
784,2025-02-04 08:43:49.791958,38145,Johnson Group
785,2024-12-05 08:41:09.407527,20444,Lee-Lewis
786,2025-04-25 20:27:39.788261,41355,Horton Inc
787,2025-04-20 13:53:28.482635,27785,Lopez Ltd
788,2025-01-16 00:07:03.861724,44074,"Bryant, Lee and Shannon"
789,2024-12-31 10:58:43.907682,14205,Barker Group
790,2025-02-13 14:17:09.263365,17995,"Norris, Reed and Henderson"
791,2025-05-10 09:43:37.595859,35275,Burgess LLC
792,2025-04-12 15:53:24.694853,15607,Ingram PLC
793,2025-02-04 09:48:30.334864,44821,Douglas-Odonnell
794,2025-05-01 09:14:41.754236,48016,Kent-Wilson
795,2025-01-12 06:13:42.116681,10130,Thomas and Sons
796,2024-12-18 04:39:45.226047,32847,Hunter PLC
797,2025-05-18 18:19:13.254943,19140,Hill and Sons
798,2024-12-08 11:25:48.350182,31998,"Chandler, Anderson and Davis"
799,2025-05-29 07:18:50.416413,41207,Crane-Roberts
800,2025-03-06 14:32:58.041546,37091,Barnett-Ayala
801,2025-02-16 16:48:12.349899,32918,Everett Group
802,2025-04-17 15:16:44.861041,28471,Parsons Group
803,2025-03-01 12:27:39.716288,14110,"Olson, Hoffman and Fletcher"
804,2025-03-30 16:24:43.358479,44528,Zimmerman Ltd
805,2025-01-04 18:45:43.185359,31487,"Schultz, Ingram and Petersen"
806,2025-03-29 18:05:50.093951,45572,Young PLC
807,2025-03-15 20:06:07.784053,34423,Mccormick-Ramsey
808,2025-04-17 13:31:10.471840,21272,James LLC
809,2025-05-31 17:01:34.031841,24013,Smith-Price
810,2025-03-10 10:11:21.381618,48185,"Copeland, Hayes and Cooper"
811,2025-02-22 13:34:43.614115,48384,"Juarez, Horn and Marshall"
812,2025-01-18 20:39:19.612354,31027,"Green, Walsh and Davila"
813,2025-03-01 22:20:08.406740,45412,Elliott-Cruz
814,2025-03-16 18:03:54.774101,15644,"Russo, Freeman and Stevens"
815,2025-04-25 07:38:52.520750,41213,Castillo-Hardin
816,2025-01-03 08:06:45.223137,21961,Wallace PLC
817,2025-05-03 19:23:59.848072,32474,Mcpherson-Palmer
818,2025-01-31 11:05:16.517420,12838,"Gomez, Carter and Hamilton"
819,2025-01-20 05:27:36.224189,15738,Hamilton Inc
820,2024-12-23 03:31:55.941497,12730,Beck-Foster
821,2025-03-15 10:51:07.690925,48718,Odom Group
822,2025-03-12 14:26:34.999838,10670,Levy-Blankenship
823,2024-12-10 03:58:06.373514,10007,Sloan-Miller
824,2025-04-16 08:32:19.536391,17371,"Walton, Reeves and Farmer"
825,2025-04-28 01:07:31.682090,10663,Gordon-Williams
826,2025-01-27 23:56:39.640142,15908,Jones PLC
827,2024-12-03 14:33:29.806531,29686,Taylor-Stevenson
828,2024-12-03 02:07:57.031894,48266,Bell-Park
829,2025-01-25 22:33:14.671247,24165,Nguyen-Dunn
830,2025-05-26 15:46:24.303248,40499,Mann Group
831,2024-12-04 01:07:11.574633,35660,Morgan-Gonzales
832,2025-03-22 10:48:33.012638,31779,"Allen, King and Maxwell"
833,2025-04-21 07:26:11.388644,32953,Brown-Leblanc
834,2025-05-14 04:52:13.775288,21059,"Bell, Morton and Barnes"
835,2025-03-05 22:07:18.941060,46746,Moore LLC
836,2025-01-11 00:18:26.386374,36727,Ross-Foster
837,2025-05-14 23:37:43.814537,46404,"Stewart, Perkins and Short"
838,2025-05-25 11:06:52.099060,10233,Peterson LLC
839,2025-04-21 11:59:40.847440,34844,Nguyen-Villa
840,2025-02-23 04:01:16.806074,49704,Price-Gomez
841,2025-03-05 13:31:35.458890,30885,Savage-Lee
842,2025-04-07 18:49:02.327589,38288,Garcia-Wagner
843,2025-05-08 16:42:30.780660,23061,Estrada-Salazar
844,2024-12-26 13:32:12.455745,29527,Hart-Chaney
845,2025-05-05 18:53:47.162088,46271,"Roy, Phillips and Holland"
846,2025-05-05 02:21:13.780776,31253,Barrett-Scott
847,2025-04-07 04:50:59.839459,21523,"Lambert, Nelson and Palmer"
848,2025-01-07 06:06:10.783528,26712,Jenkins Group
849,2024-12-02 19:47:46.438397,40847,Butler-Moon
850,2025-02-06 07:14:39.281926,48048,Lambert-Gonzalez
851,2025-02-15 06:12:09.169404,20994,"Gonzalez, Lopez and Olson"
852,2024-12-08 21:52:22.452679,48906,Adams-Walker
853,2024-12-14 17:20:39.024173,46829,Brewer-Hernandez
854,2025-01-31 13:26:22.372722,14675,Benson-Green
855,2025-03-19 13:34:20.875093,19510,Mcmahon-Jackson
856,2025-04-20 10:38:22.785895,49445,Williams-Rivera
857,2025-04-02 21:16:43.002956,14288,"Long, Sanchez and Bell"
858,2025-03-17 14:18:09.656168,48695,Watson-Hernandez
859,2025-01-18 20:05:09.810332,18602,"Stafford, Williams and Best"
860,2024-12-30 22:36:52.342208,40563,Liu Group
861,2025-01-21 08:39:32.980852,16466,"Kaufman, Powell and Rhodes"
862,2024-12-12 11:42:30.052124,35963,Mcbride-Robertson
863,2025-02-13 12:03:45.685863,43561,"Lester, Brooks and Saunders"
864,2025-03-28 07:45:58.395335,11004,Foster-Hale
865,2024-12-12 20:00:15.848740,28986,Charles Group
866,2025-05-29 23:51:10.347167,41385,Gonzalez-Castillo
867,2025-01-15 21:05:57.741812,42018,Moore-Gomez
868,2025-04-01 03:06:06.177395,41945,Williams-Acevedo
869,2024-12-22 04:31:01.680090,13267,"Mathis, Grant and Hughes"
870,2025-05-23 03:06:16.432853,38818,"Brooks, Cook and Vazquez"
871,2024-12-21 15:33:33.335642,34718,Andrade-Miller
872,2025-05-21 22:29:32.364401,16102,Santos-Wolf
873,2025-01-13 01:42:58.430841,29847,Wilson-Vaughan
874,2025-04-11 02:10:34.710556,12107,Cruz-Smith
875,2024-12-30 03:41:15.027446,36621,Kim LLC
876,2025-01-19 17:12:44.461405,44826,Frye PLC
877,2024-12-12 02:54:31.236850,28084,"Miller, Miller and Lewis"
878,2025-04-18 07:53:00.418844,36678,Moore Group
879,2025-04-20 14:03:39.847591,13440,Hart Ltd
880,2025-05-25 19:37:39.076836,12539,"Moore, Dawson and Carrillo"
881,2025-02-13 02:58:09.085506,30695,Jones-Clarke
882,2025-03-22 07:15:58.283672,11903,"Moss, Nichols and Hill"
883,2025-05-25 00:23:22.369659,41238,Robinson-Walker
884,2025-02-20 23:44:51.212089,25296,Hamilton Ltd
885,2025-03-19 07:06:11.251999,24625,Schmidt Inc
886,2024-12-15 12:02:15.656591,33260,Walker Group
887,2025-03-19 06:01:11.619425,34585,Thornton-Holt
888,2025-01-07 21:02:37.848670,45106,Farrell-Kelley
889,2025-04-07 04:55:07.219836,11540,"Miller, Roberts and Smith"
890,2025-05-03 12:02:16.681718,14996,"Walker, King and Ryan"
891,2025-03-24 01:00:28.130502,29329,Everett Inc
892,2025-03-20 04:05:59.646272,30319,"Orozco, Watson and Castro"
893,2024-12-21 13:20:24.687605,31897,"Woods, Mata and Edwards"
894,2025-02-24 08:24:10.099788,20624,Burton Group
895,2025-01-23 19:38:46.397848,37959,Fernandez-Walker
896,2025-01-15 13:42:43.020571,39702,Fleming-Carter
897,2025-04-29 08:22:17.832586,14876,Vance-Rivers
898,2025-04-17 16:26:07.019916,43292,"Elliott, Duncan and Shepherd"
899,2025-02-15 19:45:10.508676,12317,Gill Ltd
900,2025-04-09 16:38:58.571007,46170,Collins-Wilson
901,2025-04-30 16:04:03.114863,30937,"Turner, Castro and Jones"
902,2025-06-02 16:27:20.970396,37713,Wells Group
903,2025-01-10 22:38:03.992111,20233,Williams and Sons
904,2025-03-17 09:30:29.228451,49116,Sandoval-Hines
905,2025-04-07 16:08:16.106992,12245,"Smith, Orozco and Singh"
906,2025-06-01 06:06:23.505751,26772,"Gutierrez, Jenkins and Pierce"
907,2025-02-10 19:23:34.006390,33817,"Boyle, Lloyd and Johnson"
908,2025-04-20 15:46:34.867115,40794,Diaz-Hess
909,2025-05-25 00:30:23.745360,40698,"Herman, Patel and Zimmerman"
910,2025-03-27 17:25:15.457455,30134,Vasquez Inc
911,2025-01-14 21:27:18.878768,14744,Watts Inc
912,2025-02-18 13:59:17.491009,10545,Perez-Turner
913,2025-03-24 13:33:35.416972,36406,Macdonald-Jones
914,2025-01-26 07:39:16.401679,15447,"Kent, Collins and Ponce"
915,2025-03-06 01:22:01.709425,27879,Russell Inc
916,2025-03-06 00:16:46.057407,26472,Duran-Greene
917,2025-05-04 12:26:04.647002,21484,Stewart-Carpenter
918,2025-01-05 03:09:48.322714,39881,Nelson-Fernandez
919,2025-01-20 01:38:18.489793,42052,Craig-Obrien
920,2024-12-24 22:22:49.440236,47775,Roberts Inc
921,2025-04-16 08:55:58.292496,25338,"Alexander, Deleon and King"
922,2025-02-03 14:11:47.780169,44058,"Short, Nunez and Newton"
923,2025-05-10 16:19:37.119951,39727,Bradley-Swanson
924,2024-12-20 04:47:48.050637,14213,"Johnson, Logan and Lopez"
925,2025-04-28 13:12:11.936171,44714,Rose Group
926,2025-04-10 19:12:27.236068,21598,Lee LLC
927,2025-05-27 05:59:53.506744,36348,Harris Group
928,2025-03-14 08:43:55.844853,39199,"Johnson, Griffith and Johnston"
929,2025-05-30 15:40:39.994280,32090,"Shaw, Watson and King"
930,2025-03-26 13:53:36.411512,46444,Marsh LLC
931,2025-05-23 05:37:19.068952,33780,Barnett Ltd
932,2024-12-18 10:25:02.738688,41317,Velazquez-Perez
933,2024-12-05 15:44:24.808420,44906,"Zamora, Park and Mitchell"
934,2025-02-10 05:00:33.748284,29013,Marshall-Reyes
935,2025-04-17 14:00:17.316868,33411,"Dunn, Gaines and Hernandez"
936,2025-04-11 03:30:53.194730,21656,Gray Group
937,2025-03-07 14:30:09.303997,17800,Rose-Mclaughlin
938,2025-04-16 19:22:20.033749,13421,Tapia-Kline
939,2025-03-24 06:41:27.581362,32868,"Franklin, Owens and Welch"
940,2025-02-24 11:15:23.882780,17778,Allen Group
941,2025-02-05 07:08:30.561466,46614,"Gonzalez, Wyatt and Johnson"
942,2025-01-26 03:25:01.053586,17657,"Guerrero, Lopez and Medina"
943,2025-02-10 21:11:42.250738,27070,Shannon Ltd
944,2025-04-01 08:03:00.939180,26253,"Jimenez, Montoya and Mclaughlin"
945,2025-03-29 05:09:35.907737,10231,Lopez-Jones
946,2025-02-28 19:30:28.320982,10064,Owen Inc
947,2025-04-08 22:39:14.709136,29965,Gallagher Inc
948,2025-01-07 15:58:14.372952,28931,Wong-Adams
949,2025-05-24 23:05:06.562470,27038,"Bailey, Pitts and Lewis"
950,2025-05-25 12:15:44.431815,16643,"Joseph, Henderson and Johnson"
951,2025-02-24 02:47:23.418164,47840,Hunter and Sons
952,2025-02-21 04:15:58.914887,49787,Mann Inc
953,2025-02-12 09:24:49.745745,11040,"Lyons, Forbes and Gutierrez"
954,2025-03-23 04:47:12.172434,12226,Porter-Pena
955,2025-05-07 23:16:51.387047,14763,Walker Inc
956,2024-12-14 00:25:05.311202,33829,"Morris, Smith and Lewis"
957,2025-01-08 05:42:54.637308,15301,Allen LLC
958,2025-01-12 23:50:32.831638,19807,Jackson-Smith
959,2025-03-22 18:32:28.099714,43584,"Lynn, Vaughn and Murphy"
960,2025-01-27 14:00:56.627569,31691,"Hill, Murphy and Duffy"
961,2025-05-07 10:24:15.178737,23186,Stephens-Whitney
962,2025-05-19 23:01:34.209864,25215,"Martinez, Johnson and Garcia"
963,2025-01-02 06:19:23.829850,46785,"Liu, French and Perez"
964,2025-04-27 22:58:34.686292,45735,Roach Ltd
965,2025-01-03 21:01:36.234977,42740,Pitts-Pratt
966,2025-05-15 18:44:11.288435,37273,Bass and Sons
967,2025-06-03 03:30:44.528112,31935,"Murphy, Russell and Jones"
968,2025-05-13 02:16:07.641319,33111,Krueger-Murillo
969,2025-01-17 20:37:06.124005,32302,"Doyle, Clark and Elliott"
970,2024-12-22 08:36:18.168903,37546,Thompson LLC
971,2025-03-18 17:24:20.777297,14373,Mejia-Smith
972,2025-03-01 05:50:37.384602,40627,"Chen, Hunt and Bond"
973,2025-05-25 17:32:44.273105,10251,Obrien PLC
974,2025-05-19 23:50:41.527292,13410,Henderson-Ray
975,2025-04-22 12:32:35.729495,15432,"Cook, Savage and Houston"
976,2025-02-21 21:53:04.592407,16899,"Coleman, Preston and Fowler"
977,2025-03-29 23:39:57.579634,49339,"Baker, Gibson and Newton"
978,2024-12-09 00:22:50.026074,48526,Williamson-Taylor
979,2025-02-17 20:33:06.599381,34486,Schultz PLC
980,2025-04-14 23:43:36.568877,16633,"Mcdonald, Hamilton and Waller"
981,2025-01-23 13:27:01.757498,41441,"Kim, Green and Vasquez"
982,2025-01-28 17:49:43.966426,30147,Johnson PLC
983,2025-02-08 00:38:07.944197,36418,Brooks-Martinez
984,2025-05-15 16:14:16.632414,30711,Keller Inc
985,2025-03-28 20:07:30.579590,19058,Mckenzie and Sons
986,2025-03-04 11:34:41.609948,34275,"Woods, Mcneil and Wilson"
987,2025-05-18 00:36:14.773913,49633,Lewis LLC
988,2024-12-19 03:48:21.249735,19725,Quinn LLC
989,2024-12-20 13:57:17.205844,12348,Berry PLC
990,2025-04-28 08:33:25.882277,16757,Miller-Barnes
991,2025-02-03 01:29:44.933406,26678,Mcmillan-Johnston
992,2025-02-04 06:29:15.475898,47645,"Brooks, Jensen and Elliott"
993,2025-02-13 19:24:47.548091,45436,"Herman, Morrison and Riley"
994,2025-03-14 00:54:30.735600,18456,Lewis and Sons
995,2024-12-05 20:00:23.323415,36626,Joseph-Lawrence
996,2025-02-27 20:35:02.817847,18168,Hess-White
997,2025-04-03 17:36:51.865904,47057,Humphrey and Sons
998,2024-12-08 05:48:25.811626,15619,Mcclure-Marshall
999,2025-02-04 00:52:39.673512,19814,Gonzales and Sons
1000,2025-02-09 04:45:32.462882,12673,"Lowe, Chang and Thomas"
